County,Precinct,JoinField,PresDem,PresRep,PresTot,SenDem,SenRep,SenTot,GovDem,GovRep,GovTot,HouseDem,HouseRep,HouseTot
Beaverhead,PRECINCT 01 - D-CITY,Beaverhead: PRECINCT 01 - D-CITY,170,230,420,217,199,427,164,240,415,175,233,421
Beaverhead,PRECINCT 02 - D-RURAL,Beaverhead: PRECINCT 02 - D-RURAL,180,652,856,253,603,864,189,656,855,197,634,860
Beaverhead,PRECINCT 03 - D.RURAL,Beaverhead: PRECINCT 03 - D.RURAL,200,698,921,249,668,929,196,709,915,209,687,920
Beaverhead,PRECINCT 04 - LIMA,Beaverhead: PRECINCT 04 - LIMA,37,174,215,48,158,211,32,176,211,33,173,213
Beaverhead,PRECINCT 05 - DELL,Beaverhead: PRECINCT 05 - DELL,19,125,148,26,122,150,18,130,152,23,122,152
Beaverhead,PRECINCT 06 - D-CITY,Beaverhead: PRECINCT 06 - D-CITY,161,319,496,208,278,494,158,319,488,170,303,492
Beaverhead,PRECINCT 07 - D-RURAL,Beaverhead: PRECINCT 07 - D-RURAL,78,241,327,106,220,328,66,254,327,84,239,330
Beaverhead,PRECINCT 08 - GRANT,Beaverhead: PRECINCT 08 - GRANT,14,61,77,19,56,76,14,63,77,18,57,77
Beaverhead,PRECINCT 09 - D.RURAL,Beaverhead: PRECINCT 09 - D.RURAL,134,342,498,175,321,506,128,358,499,139,343,502
Beaverhead,PRECINCT 12 - D.CITY,Beaverhead: PRECINCT 12 - D.CITY,219,364,605,275,320,613,214,372,606,224,362,608
Beaverhead,PRECINCT 14 - D.CITY,Beaverhead: PRECINCT 14 - D.CITY,171,326,526,238,270,527,176,319,516,195,311,518
Beaverhead,PRECINCT 17 - REICHLE,Beaverhead: PRECINCT 17 - REICHLE,30,119,157,44,114,162,27,125,158,33,124,161
Beaverhead,PRECINCT 19 - POLARIS,Beaverhead: PRECINCT 19 - POLARIS,38,111,150,44,105,151,39,110,150,38,112,152
Beaverhead,PRECINCT 20 - JACKSON,Beaverhead: PRECINCT 20 - JACKSON,12,75,88,17,72,92,7,83,91,12,77,92
Beaverhead,PRECINCT 21 - WISDOM,Beaverhead: PRECINCT 21 - WISDOM,39,116,160,45,112,160,41,118,161,42,113,159
Beaverhead,PRECINCT 23 - WISE RIVER,Beaverhead: PRECINCT 23 - WISE RIVER,41,105,150,60,89,151,42,107,150,50,97,151
Big Horn,PRECINCT #1,Big Horn: PRECINCT #1,31,57,88,38,50,88,30,58,88,27,59,86
Big Horn,PRECINCT #10,Big Horn: PRECINCT #10,12,49,61,12,48,61,11,50,62,14,48,62
Big Horn,PRECINCT #11,Big Horn: PRECINCT #11,92,54,148,119,25,146,86,53,140,98,48,146
Big Horn,PRECINCT #12,Big Horn: PRECINCT #12,79,23,108,98,11,109,85,20,107,81,23,104
Big Horn,PRECINCT #14,Big Horn: PRECINCT #14,77,77,166,126,45,172,92,73,169,104,64,168
Big Horn,PRECINCT #15,Big Horn: PRECINCT #15,120,135,260,172,93,268,127,129,268,134,127,261
Big Horn,PRECINCT #16,Big Horn: PRECINCT #16,58,20,80,70,11,81,59,21,81,62,15,77
Big Horn,PRECINCT #17,Big Horn: PRECINCT #17,147,213,374,206,162,378,158,197,374,170,203,373
Big Horn,PRECINCT #18,Big Horn: PRECINCT #18,134,215,367,187,170,367,137,221,369,147,217,364
Big Horn,PRECINCT #19,Big Horn: PRECINCT #19,189,291,494,259,224,496,197,283,494,197,287,484
Big Horn,PRECINCT #2,Big Horn: PRECINCT #2,68,73,153,90,57,150,68,78,148,71,74,145
Big Horn,PRECINCT #20,Big Horn: PRECINCT #20,32,95,130,46,82,129,24,101,128,34,94,128
Big Horn,PRECINCT #21,Big Horn: PRECINCT #21,218,174,406,277,129,409,221,175,405,248,156,404
Big Horn,PRECINCT #25,Big Horn: PRECINCT #25,47,35,85,59,26,85,48,36,85,51,32,83
Big Horn,PRECINCT #26,Big Horn: PRECINCT #26,174,61,249,212,36,249,163,72,247,181,62,243
Big Horn,PRECINCT #3,Big Horn: PRECINCT #3,16,79,96,23,70,95,15,78,94,16,78,94
Big Horn,PRECINCT #4,Big Horn: PRECINCT #4,17,67,89,21,63,86,16,64,82,14,71,85
Big Horn,PRECINCT #4N,Big Horn: PRECINCT #4N,27,141,173,38,133,174,23,142,173,30,144,174
Big Horn,PRECINCT #5,Big Horn: PRECINCT #5,105,45,154,137,18,158,105,44,152,109,44,153
Big Horn,PRECINCT #6,Big Horn: PRECINCT #6,10,35,46,11,34,46,11,35,46,10,36,46
Big Horn,PRECINCT #7,Big Horn: PRECINCT #7,356,142,519,473,1,481,336,162,517,399,119,518
Big Horn,PRECINCT #8,Big Horn: PRECINCT #8,29,78,114,34,78,114,27,84,113,31,82,113
Big Horn,PRECINCT #9,Big Horn: PRECINCT #9,74,29,110,97,14,111,79,30,109,77,32,109
Blaine,BIG FLAT 1,Blaine: BIG FLAT 1,38,213,260,65,192,262,39,219,264,39,222,261
Blaine,CHINOOK 11,Blaine: CHINOOK 11,190,450,662,256,385,655,183,459,653,189,459,648
Blaine,HARLEM 8,Blaine: HARLEM 8,220,135,366,267,97,370,214,144,369,221,144,365
Blaine,NORTH BELKNAP 3,Blaine: NORTH BELKNAP 3,324,83,441,424,28,459,357,70,446,339,58,397
Blaine,NORTH BLAINE 13,Blaine: NORTH BLAINE 13,12,105,124,24,98,125,17,108,126,16,104,120
Blaine,SOUTH BELKNAP 15,Blaine: SOUTH BELKNAP 15,374,121,533,522,28,556,382,135,542,414,97,511
Blaine,SOUTH BLAINE 10,Blaine: SOUTH BLAINE 10,53,381,444,87,346,441,59,379,443,59,374,433
Blaine,SOUTH HARLEM 9,Blaine: SOUTH HARLEM 9,137,38,189,169,18,189,136,41,181,137,33,170
Broadwater,PRECINCT 1,Broadwater: PRECINCT 1,259,947,1242,337,896,1257,275,938,1244,259,967,1226
Broadwater,PRECINCT 11,Broadwater: PRECINCT 11,159,748,933,220,695,938,162,746,930,153,766,919
Broadwater,PRECINCT 12,Broadwater: PRECINCT 12,122,388,537,177,348,541,132,392,539,123,402,525
Broadwater,PRECINCT 13,Broadwater: PRECINCT 13,204,1198,1449,295,1120,1450,222,1159,1436,216,1187,1403
Broadwater,PRECINCT 7,Broadwater: PRECINCT 7,141,489,649,190,444,656,139,488,649,135,511,646
Carbon,P 1 ROCKVALE-SILESIA,Carbon: P 1 ROCKVALE-SILESIA,114,476,613,157,455,624,116,489,617,119,497,616
Carbon,P 10 RED LODGE WARD 3,Carbon: P 10 RED LODGE WARD 3,329,170,520,367,146,524,323,186,522,314,184,498
Carbon,P 11 RURAL RED LODGE,Carbon: P 11 RURAL RED LODGE,536,592,1166,589,581,1179,533,622,1186,509,644,1153
Carbon,P 15 FROMBERG-EDGAR,Carbon: P 15 FROMBERG-EDGAR,106,527,650,146,488,653,114,513,648,112,533,645
Carbon,P 16 LUTHER-ROSCOE,Carbon: P 16 LUTHER-ROSCOE,119,273,400,133,262,401,120,275,400,118,279,397
Carbon,P 2 TOWN OF JOLIET,Carbon: P 2 TOWN OF JOLIET,67,251,324,90,238,333,74,249,330,70,257,327
Carbon,P 3 RURAL JOLIET-BOYD,Carbon: P 3 RURAL JOLIET-BOYD,116,566,695,142,548,705,112,581,704,114,583,697
Carbon,P 4 TOWN OF BRIDGER,Carbon: P 4 TOWN OF BRIDGER,70,275,359,89,263,365,63,291,365,74,283,357
Carbon,P 5 RURAL BRIDGER,Carbon: P 5 RURAL BRIDGER,81,354,440,104,336,447,77,356,439,77,358,435
Carbon,P 6 BELFRY-BEARCREEK,Carbon: P 6 BELFRY-BEARCREEK,87,290,393,125,261,395,88,297,393,91,295,386
Carbon,P 7 ROBERTS,Carbon: P 7 ROBERTS,143,532,702,187,505,710,162,522,703,141,561,702
Carbon,P 8 RED LODGE WARD 2,Carbon: P 8 RED LODGE WARD 2,341,279,638,385,260,653,339,288,643,333,301,634
Carbon,P 9 RED LODGE WARD 2,Carbon: P 9 RED LODGE WARD 2,244,134,397,280,116,399,249,143,401,242,144,386
Carter,PRECINCT #1 ALZADA,Carter: PRECINCT #1 ALZADA,9,98,110,14,92,110,8,96,108,8,99,107
Carter,PRECINCT #13 EKALAKA,Carter: PRECINCT #13 EKALAKA,32,200,239,44,185,236,22,205,235,32,199,231
Carter,PRECINCT #14 RURAL EKALAKA,Carter: PRECINCT #14 RURAL EKALAKA,27,391,425,42,385,429,19,400,425,19,404,423
Carter,PRECINCT #3 HAMMOND,Carter: PRECINCT #3 HAMMOND,7,71,80,9,70,79,4,73,77,6,72,78
Cascade,19A,Cascade: 19A,670,583,1305,799,485,1315,649,604,1296,663,608,1271
Cascade,19B,Cascade: 19B,575,623,1259,712,527,1271,560,650,1258,589,640,1229
Cascade,19C,Cascade: 19C,350,410,782,434,335,790,346,401,782,361,407,768
Cascade,20A,Cascade: 20A,715,922,1705,893,800,1729,687,989,1719,718,972,1690
Cascade,20B,Cascade: 20B,765,875,1695,897,761,1702,743,897,1687,759,887,1646
Cascade,20C,Cascade: 20C,750,886,1693,906,778,1715,728,941,1703,723,926,1649
Cascade,21A,Cascade: 21A,568,760,1373,702,664,1385,558,789,1373,546,794,1340
Cascade,21B,Cascade: 21B,712,1185,1974,892,1059,1987,649,1283,1970,683,1256,1939
Cascade,21C,Cascade: 21C,677,1119,1841,841,978,1849,624,1172,1835,644,1157,1801
Cascade,21D,Cascade: 21D,154,216,371,187,174,374,144,219,371,159,215,374
Cascade,22A,Cascade: 22A,554,822,1423,715,695,1445,534,846,1436,570,827,1397
Cascade,22B,Cascade: 22B,665,875,1582,819,760,1597,649,902,1582,654,896,1550
Cascade,22C,Cascade: 22C,113,247,370,150,207,363,106,231,351,113,232,345
Cascade,23A,Cascade: 23A,658,755,1455,786,642,1466,612,807,1462,660,769,1429
Cascade,23B,Cascade: 23B,667,834,1541,809,697,1539,617,859,1519,636,843,1479
Cascade,23C,Cascade: 23C,657,881,1580,781,802,1602,617,952,1599,642,920,1562
Cascade,24A,Cascade: 24A,781,1034,1884,957,872,1887,748,1049,1871,773,1062,1835
Cascade,24B,Cascade: 24B,703,1174,1918,817,1082,1922,643,1239,1913,652,1229,1881
Cascade,24C,Cascade: 24C,541,841,1420,654,762,1434,507,905,1436,508,890,1398
Cascade,25A,Cascade: 25A,322,1114,1477,427,1023,1483,305,1146,1470,310,1128,1438
Cascade,25B,Cascade: 25B,312,976,1334,440,862,1338,291,1001,1338,316,1003,1319
Cascade,25C,Cascade: 25C,442,1037,1534,574,953,1553,431,1083,1544,437,1073,1510
Cascade,25D,Cascade: 25D,362,929,1321,443,863,1330,340,938,1319,347,964,1311
Cascade,26A,Cascade: 26A,561,1245,1853,717,1145,1886,541,1298,1870,543,1295,1838
Cascade,26B,Cascade: 26B,498,1288,1827,648,1149,1842,470,1317,1825,487,1314,1801
Cascade,78,Cascade: 78,249,788,1066,323,733,1073,225,821,1066,232,815,1047
Chouteau,BIG SANDY 8,Chouteau: BIG SANDY 8,75,205,289,118,175,294,69,223,293,73,214,287
Chouteau,BIG SANDY 9,Chouteau: BIG SANDY 9,62,271,345,106,228,341,56,276,339,64,270,334
Chouteau,CARTER 4,Chouteau: CARTER 4,77,203,283,96,182,281,71,205,280,65,201,266
Chouteau,FORT BENTON 1,Chouteau: FORT BENTON 1,180,331,533,239,284,536,176,342,527,172,345,517
Chouteau,FORT BENTON 2,Chouteau: FORT BENTON 2,176,308,505,234,275,517,164,334,509,166,340,506
Chouteau,GERALDINE 3,Chouteau: GERALDINE 3,82,218,321,125,195,326,74,246,327,82,239,321
Chouteau,HIGHWOOD 6,Chouteau: HIGHWOOD 6,65,228,293,78,216,298,53,240,295,53,235,288
Chouteau,LOMA 7,Chouteau: LOMA 7,24,85,118,39,77,118,26,82,113,19,91,110
Chouteau,ROCKY BOY 5,Chouteau: ROCKY BOY 5,199,36,247,239,11,250,199,46,248,215,28,243
Custer,CCDHS,Custer: CCDHS,313,691,1031,389,638,1044,298,718,1039,293,723,1016
Custer,HIGHLAND PARK,Custer: HIGHLAND PARK,361,972,1389,454,909,1396,365,988,1388,357,996,1353
Custer,ISMAY CHURCH,Custer: ISMAY CHURCH,0,28,28,1,27,28,0,28,28,0,28,28
Custer,JEFFERSON,Custer: JEFFERSON,271,799,1125,400,693,1133,315,766,1125,303,810,1113
Custer,KINSEY,Custer: KINSEY,62,326,393,80,309,394,57,330,395,53,332,385
Custer,KIRCHER,Custer: KIRCHER,76,216,298,90,208,301,77,218,297,70,218,288
Custer,KNOWLTON,Custer: KNOWLTON,2,37,40,4,36,40,3,36,40,2,37,39
Custer,NAT'L GUARD,Custer: NAT'L GUARD,34,275,314,48,262,314,36,274,313,23,282,305
Custer,RIVERVIEW SCHOOL,Custer: RIVERVIEW SCHOOL,0,24,25,2,23,25,1,24,25,1,24,25
Custer,SPRING CREEK SCH,Custer: SPRING CREEK SCH,0,58,59,1,56,59,0,57,59,0,59,59
Custer,SY SCHOOL,Custer: SY SCHOOL,7,133,143,11,128,143,7,128,142,7,134,141
Custer,WASHINGTON,Custer: WASHINGTON,259,649,952,375,529,943,258,636,939,265,650,915
Daniels,PRECINCT #2,Daniels: PRECINCT #2,20,126,148,29,110,145,16,127,147,21,121,142
Daniels,PRECINCT #3,Daniels: PRECINCT #3,37,242,286,52,232,287,31,246,281,31,246,277
Daniels,PRECINCT #5,Daniels: PRECINCT #5,55,220,278,83,195,281,52,220,279,60,215,275
Daniels,PRECINCT #6,Daniels: PRECINCT #6,42,190,239,56,182,241,41,194,240,38,198,236
Dawson,PRECINCT 01,Dawson: PRECINCT 01,165,428,608,214,385,614,168,422,608,161,425,586
Dawson,PRECINCT 02,Dawson: PRECINCT 02,120,381,521,175,333,525,140,363,516,133,375,508
Dawson,PRECINCT 03,Dawson: PRECINCT 03,148,446,612,209,393,615,146,446,604,132,445,577
Dawson,PRECINCT 04,Dawson: PRECINCT 04,119,345,475,159,300,474,127,327,470,116,346,462
Dawson,PRECINCT 05,Dawson: PRECINCT 05,35,274,318,53,250,312,32,276,314,35,272,307
Dawson,PRECINCT 06,Dawson: PRECINCT 06,109,791,920,164,734,922,117,769,913,101,796,897
Dawson,PRECINCT 07,Dawson: PRECINCT 07,198,962,1184,285,874,1191,196,950,1178,182,969,1151
Deer Lodge,1-71,Deer Lodge: 1-71,635,438,1107,790,315,1115,655,424,1110,687,381,1108
Deer Lodge,2-71,Deer Lodge: 2-71,419,341,794,520,256,804,436,336,795,456,299,791
Deer Lodge,3-71,Deer Lodge: 3-71,399,406,838,518,302,840,435,368,838,443,345,836
Deer Lodge,4-71,Deer Lodge: 4-71,280,536,837,374,459,852,297,520,846,322,489,845
Deer Lodge,5-71,Deer Lodge: 5-71,555,526,1119,687,413,1119,574,527,1121,592,498,1121
Deer Lodge,5-76,Deer Lodge: 5-76,88,82,175,102,75,180,90,84,178,90,80,178
Fallon,PRECINCT 1,Fallon: PRECINCT 1,163,1303,1507,256,1200,1495,158,1302,1489,156,1299,1455
Fergus,PREC 10,Fergus: PREC 10,124,235,374,148,222,376,118,237,367,129,235,364
Fergus,PREC 11,Fergus: PREC 11,125,307,454,152,291,458,138,304,457,123,326,449
Fergus,PREC 12,Fergus: PREC 12,58,156,221,67,153,222,55,160,218,53,163,216
Fergus,PREC 13,Fergus: PREC 13,156,392,564,186,385,573,172,384,570,152,405,557
Fergus,PREC 14,Fergus: PREC 14,47,193,250,59,190,254,45,203,251,40,210,250
Fergus,PREC 16,Fergus: PREC 16,25,252,284,34,250,285,30,246,284,26,253,279
Fergus,PREC 17,Fergus: PREC 17,120,430,573,162,406,576,140,415,568,113,449,562
Fergus,PREC 18,Fergus: PREC 18,15,183,199,19,180,200,17,176,196,13,186,199
Fergus,PREC 2,Fergus: PREC 2,232,782,1043,285,745,1048,243,777,1039,226,803,1029
Fergus,PREC 3,Fergus: PREC 3,63,391,462,79,384,466,63,390,461,52,409,461
Fergus,PREC 4,Fergus: PREC 4,52,258,320,79,247,328,56,269,328,48,270,318
Fergus,PREC 5,Fergus: PREC 5,35,310,352,62,286,355,40,304,351,34,313,347
Fergus,PREC 6,Fergus: PREC 6,148,281,450,175,262,448,145,286,447,154,288,442
Fergus,PREC 7,Fergus: PREC 7,116,239,375,132,231,374,114,250,373,112,249,361
Fergus,PREC 8,Fergus: PREC 8,88,306,411,129,278,412,106,291,404,93,303,396
Fergus,PREC 9,Fergus: PREC 9,118,250,380,142,239,388,120,253,387,114,270,384
Flathead,PCT 01,Flathead: PCT 01,207,1120,1347,262,1062,1344,204,1085,1325,209,1088,1338
Flathead,PCT 02,Flathead: PCT 02,281,258,562,312,248,569,288,268,566,294,252,566
Flathead,PCT 03,Flathead: PCT 03,834,564,1439,910,534,1459,842,573,1436,840,579,1450
Flathead,PCT 04,Flathead: PCT 04,440,402,866,473,397,879,418,438,876,439,426,879
Flathead,PCT 05,Flathead: PCT 05,324,288,626,343,278,629,328,292,627,327,297,630
Flathead,PCT 06,Flathead: PCT 06,767,461,1272,851,415,1283,778,457,1266,784,470,1271
Flathead,PCT 07,Flathead: PCT 07,442,591,1064,511,544,1077,450,591,1064,464,568,1062
Flathead,PCT 08,Flathead: PCT 08,469,781,1279,547,723,1283,456,795,1277,465,775,1274
Flathead,PCT 09,Flathead: PCT 09,647,1035,1743,782,928,1748,666,1026,1742,706,983,1744
Flathead,PCT 10,Flathead: PCT 10,449,644,1144,565,549,1147,459,633,1130,477,622,1139
Flathead,PCT 11,Flathead: PCT 11,228,581,824,287,525,830,235,575,824,248,558,828
Flathead,PCT 12,Flathead: PCT 12,948,452,1440,1021,412,1452,955,451,1431,956,460,1446
Flathead,PCT 13,Flathead: PCT 13,559,552,1144,618,518,1150,565,562,1144,562,569,1144
Flathead,PCT 14,Flathead: PCT 14,437,766,1253,537,694,1261,449,763,1252,470,744,1260
Flathead,PCT 15,Flathead: PCT 15,359,914,1309,415,868,1311,357,912,1299,358,912,1310
Flathead,PCT 16,Flathead: PCT 16,262,1060,1354,329,993,1350,270,1049,1346,278,1040,1349
Flathead,PCT 17,Flathead: PCT 17,349,1104,1477,435,1025,1481,342,1090,1471,349,1077,1472
Flathead,PCT 18,Flathead: PCT 18,257,839,1126,305,805,1135,250,852,1130,260,841,1131
Flathead,PCT 19,Flathead: PCT 19,267,832,1137,332,778,1145,290,815,1137,297,807,1142
Flathead,PCT 20,Flathead: PCT 20,546,962,1550,651,886,1566,555,959,1545,573,940,1556
Flathead,PCT 21,Flathead: PCT 21,291,629,951,351,587,964,282,651,959,300,632,964
Flathead,PCT 22,Flathead: PCT 22,482,642,1160,542,600,1162,484,650,1158,497,639,1162
Flathead,PCT 23,Flathead: PCT 23,429,1128,1589,519,1053,1596,412,1147,1588,442,1120,1594
Flathead,PCT 24,Flathead: PCT 24,421,856,1312,473,820,1322,384,883,1298,409,868,1314
Flathead,PCT 25,Flathead: PCT 25,563,538,1132,616,495,1144,571,527,1124,592,512,1133
Flathead,PCT 26,Flathead: PCT 26,365,551,941,419,501,949,346,563,940,367,557,945
Flathead,PCT 27,Flathead: PCT 27,432,609,1080,510,527,1081,435,585,1066,465,568,1076
Flathead,PCT 28,Flathead: PCT 28,256,559,847,328,494,852,277,538,846,270,533,847
Flathead,PCT 29,Flathead: PCT 29,331,517,892,389,449,891,335,517,887,350,501,885
Flathead,PCT 30,Flathead: PCT 30,265,906,1210,380,795,1206,280,877,1193,301,856,1200
Flathead,PCT 31,Flathead: PCT 31,436,844,1318,508,804,1331,418,886,1327,444,849,1326
Flathead,PCT 32,Flathead: PCT 32,268,974,1273,365,865,1275,263,965,1263,270,924,1262
Flathead,PCT 33,Flathead: PCT 33,204,825,1054,263,772,1063,211,824,1061,218,809,1060
Flathead,PCT 34,Flathead: PCT 34,356,608,989,407,579,1001,350,631,998,366,599,994
Flathead,PCT 35,Flathead: PCT 35,149,749,920,189,710,917,146,750,916,157,729,915
Flathead,PCT 36,Flathead: PCT 36,340,868,1250,429,784,1261,350,865,1245,368,839,1253
Flathead,PCT 37,Flathead: PCT 37,367,861,1245,415,827,1261,366,865,1253,378,846,1249
Flathead,PCT 38,Flathead: PCT 38,219,627,866,257,603,873,215,636,868,225,627,875
Flathead,PCT 39,Flathead: PCT 39,304,793,1135,351,763,1140,308,790,1128,310,782,1131
Flathead,PCT 40,Flathead: PCT 40,401,902,1331,448,871,1336,396,910,1328,391,903,1331
Flathead,PCT 41,Flathead: PCT 41,157,826,1003,224,763,1014,171,814,1005,173,801,1010
Flathead,PCT 42,Flathead: PCT 42,373,738,1151,466,658,1161,375,735,1149,409,695,1152
Flathead,PCT 43,Flathead: PCT 43,425,1020,1489,542,928,1499,443,1006,1489,456,999,1488
Flathead,PCT 44,Flathead: PCT 44,241,719,983,306,659,990,243,706,981,251,695,979
Flathead,PCT 45,Flathead: PCT 45,283,1073,1386,351,999,1386,284,1051,1370,290,1045,1375
Flathead,PCT 46,Flathead: PCT 46,219,810,1056,266,777,1066,235,811,1067,236,807,1069
Flathead,PCT 47,Flathead: PCT 47,140,651,800,170,632,812,135,665,811,151,633,808
Flathead,PCT 48,Flathead: PCT 48,72,314,395,91,304,398,64,327,397,72,310,394
Flathead,PCT 49,Flathead: PCT 49,293,671,995,362,604,996,298,668,993,311,651,993
Flathead,PCT 50,Flathead: PCT 50,228,732,975,278,697,987,226,738,977,228,722,974
Flathead,PCT 51,Flathead: PCT 51,344,1065,1435,410,1017,1448,333,1090,1442,353,1069,1448
Flathead,PCT 52,Flathead: PCT 52,371,1025,1421,432,986,1427,355,1050,1427,390,1020,1432
Flathead,PCT 53,Flathead: PCT 53,234,719,979,275,704,994,226,744,989,256,713,991
Flathead,PCT 54,Flathead: PCT 54,358,1061,1442,396,1050,1457,319,1110,1450,356,1075,1450
Flathead,PCT 55,Flathead: PCT 55,373,774,1179,433,723,1183,371,778,1173,393,745,1176
Flathead,PCT 56,Flathead: PCT 56,0,0,0,0,0,0,0,0,0,0,0,0
Gallatin,57A,Gallatin: 57A,460,348,832,501,328,844,450,368,830,472,337,833
Gallatin,57B,Gallatin: 57B,748,258,1044,811,233,1053,764,259,1044,769,244,1036
Gallatin,57C,Gallatin: 57C,901,269,1202,954,236,1210,901,278,1201,911,252,1198
Gallatin,59A,Gallatin: 59A,1229,874,2173,1345,831,2199,1225,904,2168,1253,871,2175
Gallatin,59B,Gallatin: 59B,1237,789,2076,1326,763,2103,1241,831,2096,1257,802,2094
Gallatin,59C,Gallatin: 59C,1364,461,1875,1434,445,1893,1373,488,1884,1383,483,1884
Gallatin,59D,Gallatin: 59D,1033,792,1887,1128,752,1903,1037,814,1888,1057,793,1892
Gallatin,60A,Gallatin: 60A,703,1066,1824,829,1003,1851,728,1066,1840,734,1049,1837
Gallatin,60B,Gallatin: 60B,834,806,1680,897,793,1701,824,840,1690,854,798,1689
Gallatin,60C,Gallatin: 60C,521,395,937,593,346,946,535,379,933,549,373,939
Gallatin,60D,Gallatin: 60D,622,315,977,672,290,981,620,322,968,630,311,968
Gallatin,60E,Gallatin: 60E,419,443,896,471,403,899,431,437,893,438,425,897
Gallatin,61A,Gallatin: 61A,717,434,1185,829,336,1188,711,379,1129,734,353,1134
Gallatin,61B,Gallatin: 61B,1153,347,1564,1268,283,1571,1193,325,1549,1192,322,1553
Gallatin,61C,Gallatin: 61C,970,394,1410,1080,326,1422,945,389,1386,995,349,1393
Gallatin,62A,Gallatin: 62A,701,964,1713,778,941,1734,683,1009,1715,707,953,1705
Gallatin,62B,Gallatin: 62B,809,683,1571,909,649,1585,827,695,1563,853,673,1562
Gallatin,62C,Gallatin: 62C,740,439,1235,834,380,1244,751,431,1229,778,406,1224
Gallatin,62D,Gallatin: 62D,760,751,1561,889,673,1580,769,741,1561,801,731,1558
Gallatin,63A,Gallatin: 63A,670,925,1636,760,896,1679,646,973,1659,666,936,1654
Gallatin,63B,Gallatin: 63B,851,782,1685,957,713,1695,864,771,1673,878,745,1679
Gallatin,63C,Gallatin: 63C,923,551,1521,1043,483,1540,948,544,1528,967,513,1518
Gallatin,63D,Gallatin: 63D,904,586,1546,1010,549,1574,923,600,1553,946,568,1559
Gallatin,64A,Gallatin: 64A,766,887,1709,860,838,1724,748,920,1705,788,872,1705
Gallatin,64B,Gallatin: 64B,741,582,1366,834,512,1375,728,570,1354,783,531,1358
Gallatin,64C,Gallatin: 64C,927,680,1656,1021,632,1664,894,720,1645,934,687,1654
Gallatin,64D,Gallatin: 64D,895,599,1552,993,543,1560,884,596,1528,927,569,1532
Gallatin,65A,Gallatin: 65A,730,975,1762,811,948,1779,723,1017,1774,747,973,1770
Gallatin,65B,Gallatin: 65B,892,953,1892,960,941,1925,886,995,1916,920,946,1913
Gallatin,65C,Gallatin: 65C,896,500,1461,988,458,1468,890,500,1441,938,469,1450
Gallatin,65D,Gallatin: 65D,997,347,1412,1120,276,1415,1020,324,1387,1059,305,1391
Gallatin,66A,Gallatin: 66A,460,1411,1929,551,1384,1949,468,1440,1947,494,1386,1942
Gallatin,66B,Gallatin: 66B,1061,851,1967,1161,838,2012,1079,896,2004,1078,877,2005
Gallatin,66C,Gallatin: 66C,1285,459,1807,1387,413,1817,1297,456,1795,1324,438,1803
Gallatin,66D,Gallatin: 66D,1282,288,1618,1377,240,1631,1303,280,1617,1311,272,1619
Gallatin,67A,Gallatin: 67A,647,1114,1838,777,1034,1849,692,1066,1825,692,1058,1824
Gallatin,67B,Gallatin: 67B,494,933,1476,603,863,1487,534,896,1479,532,889,1478
Gallatin,67C,Gallatin: 67C,511,827,1388,611,757,1396,516,804,1381,546,789,1389
Gallatin,67D,Gallatin: 67D,512,913,1483,614,848,1489,524,891,1474,544,871,1476
Gallatin,68A,Gallatin: 68A,254,1280,1563,329,1234,1583,272,1277,1571,278,1266,1575
Gallatin,68B,Gallatin: 68B,435,1031,1516,523,982,1529,434,1030,1504,455,1002,1510
Gallatin,68C,Gallatin: 68C,539,819,1411,630,762,1414,548,802,1403,577,763,1404
Gallatin,68D,Gallatin: 68D,416,1067,1519,485,1031,1534,416,1067,1525,430,1048,1526
Gallatin,69A,Gallatin: 69A,347,767,1157,435,694,1157,361,742,1153,377,709,1147
Gallatin,77A,Gallatin: 77A,260,884,1183,328,837,1191,278,856,1177,282,837,1173
Gallatin,77B,Gallatin: 77B,322,856,1202,378,820,1212,316,855,1200,338,829,1209
Garfield,PRECINCT 01,Garfield: PRECINCT 01,26,450,478,42,424,472,20,449,471,21,433,454
Garfield,PRECINCT 07,Garfield: PRECINCT 07,7,90,99,14,86,101,7,91,100,7,91,98
Garfield,PRECINCT 14,Garfield: PRECINCT 14,4,116,120,5,114,120,4,114,120,3,114,117
Garfield,PRECINCT 19,Garfield: PRECINCT 19,2,100,103,7,96,103,3,98,102,2,99,101
Glacier,PCT 01,Glacier: PCT 01,109,312,443,149,280,442,109,322,445,115,308,444
Glacier,PCT 02,Glacier: PCT 02,124,220,363,163,187,364,128,217,362,130,209,361
Glacier,PCT 03,Glacier: PCT 03,111,169,290,147,144,297,105,180,296,112,167,295
Glacier,PCT 04,Glacier: PCT 04,56,134,194,79,110,194,45,145,192,59,120,190
Glacier,PCT 05,Glacier: PCT 05,152,336,500,205,288,500,152,338,502,154,329,495
Glacier,PCT 06,Glacier: PCT 06,9,53,64,20,44,65,10,55,65,11,53,65
Glacier,PCT 07,Glacier: PCT 07,60,6,66,63,5,68,57,10,67,57,9,67
Glacier,PCT 08,Glacier: PCT 08,386,73,479,453,28,484,391,75,481,410,63,485
Glacier,PCT 09,Glacier: PCT 09,971,266,1277,1174,115,1297,1008,241,1286,1037,200,1287
Glacier,PCT 10,Glacier: PCT 10,209,41,262,232,27,263,206,50,265,213,37,264
Glacier,PCT 11,Glacier: PCT 11,72,61,140,96,44,141,71,62,137,77,56,138
Glacier,PCT 12,Glacier: PCT 12,173,43,227,213,19,233,175,47,229,181,45,232
Glacier,PCT 13,Glacier: PCT 13,94,11,113,107,8,116,85,22,113,95,14,114
Glacier,PCT 15,Glacier: PCT 15,131,101,242,163,77,243,143,94,244,147,93,242
Glacier,PCT 19,Glacier: PCT 19,101,52,163,130,31,163,102,49,157,115,43,160
Glacier,PCT 21C,Glacier: PCT 21C,175,61,255,244,19,264,199,48,254,218,33,257
Golden Valley,LAVINA,Golden Valley: LAVINA,33,222,258,43,212,259,30,221,257,34,222,256
Golden Valley,RYEGATE,Golden Valley: RYEGATE,34,218,257,48,210,261,37,219,261,36,226,262
Granite,PRECINCT #1,Granite: PRECINCT #1,197,341,553,248,301,560,202,338,558,212,323,558
Granite,PRECINCT #10,Granite: PRECINCT #10,101,428,545,148,387,546,123,412,547,111,409,547
Granite,PRECINCT #2,Granite: PRECINCT #2,202,404,621,266,352,621,209,388,610,221,377,617
Granite,PRECINCT #9,Granite: PRECINCT #9,79,364,457,116,337,458,79,369,451,86,354,456
Hill,PRECINCT #01,Hill: PRECINCT #01,300,307,639,365,263,644,299,319,638,300,317,617
Hill,PRECINCT #02,Hill: PRECINCT #02,133,185,335,176,148,337,128,190,336,136,189,325
Hill,PRECINCT #03,Hill: PRECINCT #03,224,334,576,292,273,580,209,344,576,232,331,563
Hill,PRECINCT #07,Hill: PRECINCT #07,235,396,663,314,335,662,240,411,663,245,400,645
Hill,PRECINCT #08,Hill: PRECINCT #08,224,349,595,289,289,597,222,352,592,217,361,578
Hill,PRECINCT #09,Hill: PRECINCT #09,206,297,517,268,249,523,205,298,516,211,293,504
Hill,PRECINCT #10,Hill: PRECINCT #10,112,183,319,157,147,318,115,187,314,119,182,301
Hill,PRECINCT #13,Hill: PRECINCT #13,94,187,288,130,148,288,100,177,290,97,181,278
Hill,PRECINCT #14,Hill: PRECINCT #14,86,299,401,123,264,402,96,295,402,96,299,395
Hill,PRECINCT #15,Hill: PRECINCT #15,62,186,260,80,170,260,61,189,258,59,191,250
Hill,PRECINCT #16,Hill: PRECINCT #16,168,360,559,237,308,567,184,358,562,182,375,557
Hill,PRECINCT #18,Hill: PRECINCT #18,108,47,159,129,28,160,112,42,156,119,36,155
Hill,PRECINCT #20,Hill: PRECINCT #20,60,207,277,106,168,279,64,210,279,59,208,267
Hill,PRECINCT #21,Hill: PRECINCT #21,31,93,129,45,84,129,33,91,127,33,93,126
Hill,PRECINCT #22,Hill: PRECINCT #22,74,192,275,98,169,273,66,200,273,67,205,272
Hill,PRECINCT #25,Hill: PRECINCT #25,67,197,279,110,162,279,73,194,278,75,197,272
Hill,PRECINCT #28,Hill: PRECINCT #28,450,52,533,519,12,534,459,53,522,472,46,518
Jefferson,01-69,Jefferson: 01-69,95,337,445,124,320,450,103,337,448,95,347,442
Jefferson,02-75,Jefferson: 02-75,331,1073,1446,443,986,1455,347,1061,1452,328,1100,1428
Jefferson,03-75,Jefferson: 03-75,65,274,343,83,253,345,64,267,342,69,266,335
Jefferson,04-75,Jefferson: 04-75,346,803,1179,451,702,1185,350,799,1190,356,820,1176
Jefferson,05-75,Jefferson: 05-75,42,107,159,52,93,153,46,102,155,48,98,146
Jefferson,06-75,Jefferson: 06-75,152,442,610,203,398,613,165,425,611,154,450,604
Jefferson,07-75,Jefferson: 07-75,389,656,1076,456,614,1088,400,651,1079,383,678,1061
Jefferson,08-75,Jefferson: 08-75,201,354,569,239,325,573,206,347,566,200,362,562
Jefferson,09-75,Jefferson: 09-75,401,708,1137,475,658,1143,410,711,1139,389,729,1118
Jefferson,10-75,Jefferson: 10-75,288,499,816,331,488,825,305,509,826,282,529,811
Jefferson,11-79,Jefferson: 11-79,185,239,434,215,224,444,186,244,437,178,251,429
Jefferson,12-75,Jefferson: 12-75,21,52,77,27,47,79,23,54,78,24,55,79
Judith Basin,PRECINCT 1,Judith Basin: PRECINCT 1,25,107,137,30,105,136,26,108,136,26,110,136
Judith Basin,PRECINCT 2,Judith Basin: PRECINCT 2,33,119,156,42,116,159,27,129,157,31,125,156
Judith Basin,PRECINCT 3,Judith Basin: PRECINCT 3,115,405,535,162,365,533,96,428,533,108,417,525
Judith Basin,PRECINCT 4,Judith Basin: PRECINCT 4,92,420,525,118,405,532,85,425,532,83,439,522
Lake,ARL 01 HD91,Lake: ARL 01 HD91,507,441,993,641,343,1002,548,417,995,565,398,998
Lake,BEA 01 HD12,Lake: BEA 01 HD12,321,448,785,350,423,784,301,468,781,325,445,784
Lake,CHA 01 HD91,Lake: CHA 01 HD91,260,503,785,328,443,786,261,494,778,274,477,783
Lake,DAY 01 HD12,Lake: DAY 01 HD12,203,502,714,237,475,722,193,512,717,208,503,722
Lake,FER 01 HD12,Lake: FER 01 HD12,275,697,990,320,662,996,269,710,992,282,683,991
Lake,PAB 01 HD13,Lake: PAB 01 HD13,124,363,495,162,325,495,138,348,493,138,340,494
Lake,PAB 02 HD15,Lake: PAB 02 HD15,466,650,1161,598,541,1163,468,644,1149,517,605,1160
Lake,POL 01 HD12,Lake: POL 01 HD12,301,459,781,339,433,782,293,464,776,308,450,777
Lake,POL 02 HD13,Lake: POL 02 HD13,125,321,460,152,297,461,122,322,459,133,315,460
Lake,POL 03 HD13,Lake: POL 03 HD13,293,667,989,359,616,987,285,675,976,319,652,990
Lake,POL 04 HD13,Lake: POL 04 HD13,363,424,812,420,376,810,366,417,801,382,399,809
Lake,POL 05 HD13,Lake: POL 05 HD13,707,908,1664,822,819,1682,683,937,1664,735,882,1669
Lake,POL 06 HD13,Lake: POL 06 HD13,456,594,1097,534,560,1117,436,644,1107,477,592,1107
Lake,POL 07 HD13,Lake: POL 07 HD13,161,232,403,187,211,404,161,231,401,172,222,406
Lake,POL 08 HD12,Lake: POL 08 HD12,270,287,572,284,281,577,251,310,571,271,291,575
Lake,RON 01 HD91,Lake: RON 01 HD91,522,759,1345,665,649,1350,533,742,1333,567,725,1350
Lake,RON 02 HD15,Lake: RON 02 HD15,326,404,750,398,352,759,322,409,752,343,387,757
Lake,RON-03 HD13,Lake: RON-03 HD13,42,120,167,59,106,167,44,118,166,45,119,165
Lake,STI 01 HD91,Lake: STI 01 HD91,220,395,628,262,355,627,222,385,621,243,367,628
Lake,STI 02 HD15,Lake: STI 02 HD15,508,528,1078,609,443,1076,527,510,1071,545,487,1074
Lake,SWA 01 HD12,Lake: SWA 01 HD12,24,70,95,26,68,95,24,67,94,23,69,95
Lake,SWA 02 HD15,Lake: SWA 02 HD15,36,108,146,46,103,151,38,113,153,37,112,152
Lewis and Clark,PRECINCT 1,Lewis and Clark: PRECINCT 1,241,402,664,283,378,667,245,401,662,242,403,645
Lewis and Clark,PRECINCT 10,Lewis and Clark: PRECINCT 10,869,586,1509,982,497,1522,879,586,1510,873,600,1473
Lewis and Clark,PRECINCT 11,Lewis and Clark: PRECINCT 11,767,824,1650,876,775,1666,734,889,1654,728,886,1614
Lewis and Clark,PRECINCT 12,Lewis and Clark: PRECINCT 12,624,1082,1770,796,974,1792,634,1096,1778,603,1123,1726
Lewis and Clark,PRECINCT 13,Lewis and Clark: PRECINCT 13,1311,323,1700,1399,289,1712,1318,335,1696,1271,348,1619
Lewis and Clark,PRECINCT 14,Lewis and Clark: PRECINCT 14,803,624,1500,934,522,1507,828,621,1498,793,662,1455
Lewis and Clark,PRECINCT 15,Lewis and Clark: PRECINCT 15,279,519,822,349,467,833,295,510,825,278,529,807
Lewis and Clark,PRECINCT 16,Lewis and Clark: PRECINCT 16,483,1057,1620,632,940,1628,530,1027,1609,506,1080,1586
Lewis and Clark,PRECINCT 17,Lewis and Clark: PRECINCT 17,1106,397,1539,1170,374,1553,1085,441,1544,1029,455,1484
Lewis and Clark,PRECINCT 18,Lewis and Clark: PRECINCT 18,1094,686,1843,1219,609,1866,1074,736,1851,1081,732,1813
Lewis and Clark,PRECINCT 19,Lewis and Clark: PRECINCT 19,522,602,1155,615,529,1164,527,598,1157,507,621,1128
Lewis and Clark,PRECINCT 2,Lewis and Clark: PRECINCT 2,1472,435,1973,1579,389,1990,1488,462,1984,1417,480,1897
Lewis and Clark,PRECINCT 20,Lewis and Clark: PRECINCT 20,714,1181,1980,892,1032,1985,737,1166,1972,717,1220,1937
Lewis and Clark,PRECINCT 21,Lewis and Clark: PRECINCT 21,626,1263,1952,783,1147,1966,660,1243,1950,618,1304,1922
Lewis and Clark,PRECINCT 22,Lewis and Clark: PRECINCT 22,507,1082,1631,594,1039,1656,519,1105,1651,507,1104,1611
Lewis and Clark,PRECINCT 23,Lewis and Clark: PRECINCT 23,355,758,1148,447,693,1156,364,752,1153,354,784,1138
Lewis and Clark,PRECINCT 24,Lewis and Clark: PRECINCT 24,610,1205,1872,734,1120,1888,610,1228,1872,612,1232,1844
Lewis and Clark,PRECINCT 25,Lewis and Clark: PRECINCT 25,235,391,640,260,372,642,236,391,638,223,408,631
Lewis and Clark,PRECINCT 26,Lewis and Clark: PRECINCT 26,27,68,95,27,65,94,21,71,95,22,71,93
Lewis and Clark,PRECINCT 27,Lewis and Clark: PRECINCT 27,307,722,1076,366,686,1088,312,730,1077,311,753,1064
Lewis and Clark,PRECINCT 28,Lewis and Clark: PRECINCT 28,341,704,1093,431,626,1093,364,704,1092,348,729,1077
Lewis and Clark,PRECINCT 29,Lewis and Clark: PRECINCT 29,159,636,814,218,581,824,160,634,822,174,635,809
Lewis and Clark,PRECINCT 3,Lewis and Clark: PRECINCT 3,1005,843,1911,1144,768,1939,1000,871,1919,978,887,1865
Lewis and Clark,PRECINCT 30,Lewis and Clark: PRECINCT 30,129,326,463,145,312,467,122,334,468,117,336,453
Lewis and Clark,PRECINCT 31,Lewis and Clark: PRECINCT 31,7,66,76,9,64,76,4,67,73,6,67,73
Lewis and Clark,PRECINCT 32,Lewis and Clark: PRECINCT 32,92,313,416,127,293,425,99,315,421,96,314,410
Lewis and Clark,PRECINCT 4,Lewis and Clark: PRECINCT 4,649,1291,1999,827,1147,2022,690,1272,2015,672,1311,1983
Lewis and Clark,PRECINCT 5,Lewis and Clark: PRECINCT 5,654,614,1322,774,517,1320,680,583,1309,672,610,1282
Lewis and Clark,PRECINCT 6,Lewis and Clark: PRECINCT 6,604,889,1563,747,789,1573,609,903,1568,625,911,1536
Lewis and Clark,PRECINCT 7,Lewis and Clark: PRECINCT 7,681,599,1320,781,534,1336,691,603,1326,673,629,1302
Lewis and Clark,PRECINCT 8,Lewis and Clark: PRECINCT 8,736,581,1367,859,493,1382,741,593,1366,733,598,1331
Lewis and Clark,PRECINCT 9,Lewis and Clark: PRECINCT 9,1076,410,1540,1176,346,1557,1104,411,1548,1059,434,1493
Liberty,#1 PRECINCT - WEST,Liberty: #1 PRECINCT - WEST,44,242,291,65,226,295,44,248,294,42,248,290
Liberty,#2 PRECINCT - NORTH,Liberty: #2 PRECINCT - NORTH,59,173,240,99,143,243,61,178,242,62,175,237
Liberty,#3 PRECINCT - SOUTH,Liberty: #3 PRECINCT - SOUTH,73,155,235,83,149,237,67,166,237,65,160,225
Liberty,#4 PRECINCT - JOPLIN,Liberty: #4 PRECINCT - JOPLIN,38,182,222,60,165,227,32,195,227,38,184,222
Lincoln,CITY OF LIBBY 9,Lincoln: CITY OF LIBBY 9,381,878,1289,488,775,1296,374,865,1285,401,818,1280
Lincoln,CITY OF TROY 7,Lincoln: CITY OF TROY 7,138,305,455,175,275,460,141,293,452,145,293,457
Lincoln,EUREKA NORTH 16,Lincoln: EUREKA NORTH 16,299,1148,1475,344,1102,1472,300,1130,1459,311,1115,1469
Lincoln,EUREKA SOUTH 15,Lincoln: EUREKA SOUTH 15,226,810,1059,269,772,1056,230,799,1053,249,770,1054
Lincoln,FORTINE 1,Lincoln: FORTINE 1,121,544,684,148,523,690,125,544,687,135,531,685
Lincoln,LIBBY EAST 11,Lincoln: LIBBY EAST 11,189,866,1076,232,822,1074,180,864,1070,193,839,1066
Lincoln,LIBBY NORTH 10,Lincoln: LIBBY NORTH 10,136,520,668,183,472,669,143,514,671,143,499,667
Lincoln,LIBBY SOUTH 12,Lincoln: LIBBY SOUTH 12,232,991,1252,337,897,1263,236,990,1265,250,944,1264
Lincoln,LIBBY WEST 13,Lincoln: LIBBY WEST 13,274,791,1087,347,723,1092,274,791,1086,286,760,1081
Lincoln,MCCORMICK 6,Lincoln: MCCORMICK 6,75,208,290,83,201,291,75,206,290,71,198,286
Lincoln,TOWN OF EUREKA 4,Lincoln: TOWN OF EUREKA 4,144,395,557,170,366,555,142,388,547,148,380,550
Lincoln,TREGO 2,Lincoln: TREGO 2,73,308,391,98,289,396,69,311,391,83,290,392
Lincoln,TROY NORTH 14,Lincoln: TROY NORTH 14,55,241,302,69,229,299,56,229,297,57,227,299
Lincoln,TROY SOUTH 8,Lincoln: TROY SOUTH 8,233,741,995,286,697,994,248,730,988,241,717,990
Lincoln,YAAK 5,Lincoln: YAAK 5,39,163,209,58,148,212,41,166,211,43,153,210
Madison,ALDER,Madison: ALDER,40,169,217,54,163,218,47,168,217,42,170,214
Madison,BIG SKY HD60,Madison: BIG SKY HD60,155,122,283,164,118,289,160,119,286,163,112,283
Madison,BIG SKY HD69,Madison: BIG SKY HD69,9,6,15,7,9,16,6,9,16,6,10,16
Madison,ENNIS - RURAL,Madison: ENNIS - RURAL,406,997,1433,465,961,1439,395,1004,1429,410,979,1433
Madison,ENNIS - TOWN,Madison: ENNIS - TOWN,208,414,651,259,377,651,228,402,643,233,387,648
Madison,ENNIS CD1,Madison: ENNIS CD1,200,647,864,240,617,869,189,654,863,200,633,863
Madison,HARRISON,Madison: HARRISON,104,322,432,117,316,443,109,316,442,108,310,434
Madison,JEFF ISLAND,Madison: JEFF ISLAND,57,195,258,67,195,265,53,203,264,50,207,265
Madison,SHERIDAN,Madison: SHERIDAN,257,918,1211,333,870,1225,264,930,1212,276,902,1213
Madison,TWIN BRIDGES,Madison: TWIN BRIDGES,169,696,883,224,649,885,189,680,885,174,679,883
Madison,VIRGINIA CITY,Madison: VIRGINIA CITY,84,129,214,95,113,214,86,126,215,89,119,212
McCone,PRECINCT 27,McCone: PRECINCT 27,38,253,292,45,245,293,39,251,293,37,247,284
McCone,PRECINCT 4,McCone: PRECINCT 4,58,380,455,81,357,453,66,377,455,62,386,448
McCone,PRECINCT 8,McCone: PRECINCT 8,33,298,335,47,288,339,37,294,335,33,295,328
Meagher,Precinct 5,Meagher: Precinct 5,256,888,1172,309,845,1180,245,894,1166,239,922,1161
Mineral,ALBERTON,Mineral: ALBERTON,162,362,538,208,322,546,167,355,538,179,337,539
Mineral,ST. REGIS,Mineral: ST. REGIS,118,381,513,161,338,510,116,375,506,117,360,507
Mineral,SUPERIOR_24,Mineral: SUPERIOR_24,66,125,203,94,102,205,67,125,202,68,121,201
Mineral,SUPERIOR_25,Mineral: SUPERIOR_25,120,365,510,177,332,514,130,358,505,127,360,510
Mineral,SUPERIOR_30,Mineral: SUPERIOR_30,196,616,838,266,556,844,198,626,840,227,583,849
Mineral,WEST END,Mineral: WEST END,27,200,231,44,181,230,30,187,224,30,189,228
Missoula,BONNER 92,Missoula: BONNER 92,461,408,892,533,345,902,464,404,894,476,379,888
Missoula,BONNER 93,Missoula: BONNER 93,372,459,865,451,392,865,394,435,854,394,442,859
Missoula,CLINTON 93,Missoula: CLINTON 93,304,547,895,403,473,897,323,543,893,341,504,900
Missoula,COLD SPRINGS 89 A,Missoula: COLD SPRINGS 89 A,986,645,1687,1106,580,1714,998,673,1700,1025,616,1693
Missoula,COLD SPRINGS 89 B,Missoula: COLD SPRINGS 89 B,982,501,1549,1099,436,1560,991,511,1547,1002,500,1548
Missoula,COLD SPRINGS 93,Missoula: COLD SPRINGS 93,250,292,563,295,272,572,253,302,568,263,291,569
Missoula,COLD SPRINGS 94 A,Missoula: COLD SPRINGS 94 A,999,591,1666,1116,543,1681,1005,631,1672,1048,595,1679
Missoula,COLD SPRINGS 94 B,Missoula: COLD SPRINGS 94 B,879,704,1644,981,675,1671,843,785,1659,903,730,1662
Missoula,COLD SPRINGS 94 C,Missoula: COLD SPRINGS 94 C,780,778,1603,901,699,1620,761,823,1611,803,783,1614
Missoula,CS PORTER 96,Missoula: CS PORTER 96,424,258,709,497,195,707,440,246,705,442,232,701
Missoula,CS PORTER 97 A,Missoula: CS PORTER 97 A,1014,472,1558,1164,364,1567,1030,473,1559,1080,419,1554
Missoula,CS PORTER 97 B,Missoula: CS PORTER 97 B,917,699,1688,1057,595,1691,927,692,1676,964,662,1686
Missoula,EAST MISSOULA 92,Missoula: EAST MISSOULA 92,1095,732,1891,1250,626,1908,1104,737,1891,1153,677,1895
Missoula,FRENCHTOWN 90 A,Missoula: FRENCHTOWN 90 A,217,389,623,254,366,628,226,392,626,230,384,624
Missoula,FRENCHTOWN 90 B,Missoula: FRENCHTOWN 90 B,461,1017,1514,560,931,1518,461,1013,1513,474,997,1511
Missoula,GRAY WOLF 91,Missoula: GRAY WOLF 91,271,258,557,328,223,561,272,266,554,296,235,555
Missoula,HELLGATE 96,Missoula: HELLGATE 96,286,463,767,330,417,765,270,474,762,290,456,766
Missoula,HELLGATE 97,Missoula: HELLGATE 97,748,771,1558,882,674,1574,726,804,1562,755,757,1570
Missoula,HELLGATE 98 A,Missoula: HELLGATE 98 A,878,526,1453,996,436,1454,856,545,1443,901,484,1444
Missoula,HELLGATE 98 B,Missoula: HELLGATE 98 B,930,897,1873,1073,790,1885,898,954,1878,943,889,1873
Missoula,HELLGATE 98 C,Missoula: HELLGATE 98 C,34,42,79,54,22,78,37,38,76,36,37,75
Missoula,HELLGATE 98 D,Missoula: HELLGATE 98 D,973,847,1890,1101,759,1898,964,861,1880,1018,807,1878
Missoula,HELLGATE 99 A,Missoula: HELLGATE 99 A,806,467,1306,876,442,1333,781,507,1312,801,489,1319
Missoula,HELLGATE 99 B,Missoula: HELLGATE 99 B,628,471,1140,719,394,1146,618,487,1136,637,451,1134
Missoula,LIBRARY 100 A,Missoula: LIBRARY 100 A,770,143,951,848,99,965,795,130,955,815,120,957
Missoula,LIBRARY 100 B,Missoula: LIBRARY 100 B,784,200,1029,852,164,1036,787,206,1025,807,194,1025
Missoula,LIBRARY 91,Missoula: LIBRARY 91,1125,283,1440,1193,267,1465,1133,304,1451,1132,302,1454
Missoula,LIBRARY 92 A,Missoula: LIBRARY 92 A,1063,218,1322,1140,186,1342,1068,248,1330,1090,223,1333
Missoula,LIBRARY 92 B,Missoula: LIBRARY 92 B,786,163,998,876,113,1009,821,152,1002,848,130,1002
Missoula,LIBRARY 99,Missoula: LIBRARY 99,734,151,901,768,137,908,735,160,900,746,152,905
Missoula,LIFELONG LEARNING CENTER 100 A,Missoula: LIFELONG LEARNING CENTER 100 A,675,343,1070,779,282,1076,699,333,1063,703,322,1060
Missoula,LIFELONG LEARNING CENTER 100 B,Missoula: LIFELONG LEARNING CENTER 100 B,681,271,989,754,215,991,693,254,983,714,243,982
Missoula,LIFELONG LEARNING CENTER 95,Missoula: LIFELONG LEARNING CENTER 95,1110,301,1475,1239,220,1487,1158,277,1473,1173,259,1473
Missoula,LIFELONG LEARNING CENTER 97,Missoula: LIFELONG LEARNING CENTER 97,978,431,1469,1099,363,1483,1005,435,1471,1038,400,1471
Missoula,LOLO 89 A,Missoula: LOLO 89 A,555,734,1320,665,662,1340,538,750,1333,575,722,1335
Missoula,LOLO 89 B,Missoula: LOLO 89 B,479,517,1044,570,460,1052,492,517,1046,502,503,1049
Missoula,LOLO 89 C,Missoula: LOLO 89 C,360,606,1002,421,565,1010,371,613,1009,369,601,1004
Missoula,LOLO 90,Missoula: LOLO 90,77,173,253,99,154,255,79,170,252,85,166,256
Missoula,LOLO 93,Missoula: LOLO 93,276,491,784,327,453,795,262,504,789,284,482,791
Missoula,LOWELL 100 A,Missoula: LOWELL 100 A,780,125,942,861,81,956,820,113,949,832,93,946
Missoula,LOWELL 100 B,Missoula: LOWELL 100 B,780,169,991,860,125,1004,806,154,993,815,149,991
Missoula,LOWELL 98,Missoula: LOWELL 98,892,457,1423,1049,326,1422,923,413,1410,948,385,1411
Missoula,LOWELL 99,Missoula: LOWELL 99,564,256,859,641,198,857,580,245,851,609,212,851
Missoula,MCPS ADMIN 93 A,Missoula: MCPS ADMIN 93 A,910,163,1112,968,138,1128,933,170,1119,943,155,1116
Missoula,MCPS ADMIN 93 B,Missoula: MCPS ADMIN 93 B,920,226,1184,999,176,1198,927,217,1176,952,206,1185
Missoula,MCPS ADMIN 93 C,Missoula: MCPS ADMIN 93 C,215,93,314,221,91,313,213,98,315,216,92,314
Missoula,MCPS ADMIN 94 A,Missoula: MCPS ADMIN 94 A,670,287,987,731,259,995,687,297,993,696,288,995
Missoula,MCPS ADMIN 94 B,Missoula: MCPS ADMIN 94 B,844,386,1280,937,347,1294,856,391,1281,884,369,1290
Missoula,MCPS ADMIN 96 A,Missoula: MCPS ADMIN 96 A,831,335,1210,922,270,1221,832,346,1212,857,315,1218
Missoula,MCPS ADMIN 96 B,Missoula: MCPS ADMIN 96 B,806,379,1230,908,318,1243,813,401,1236,854,359,1241
Missoula,PETTY 90,Missoula: PETTY 90,331,673,1025,413,611,1034,339,672,1032,343,658,1030
Missoula,POTOMAC 92,Missoula: POTOMAC 92,346,592,965,411,529,966,353,574,955,358,551,953
Missoula,SEELEY LAKE 76,Missoula: SEELEY LAKE 76,345,722,1099,429,648,1102,333,742,1100,351,713,1097
Missoula,SEELEY LAKE 92,Missoula: SEELEY LAKE 92,118,210,331,139,191,332,111,208,327,116,207,330
Missoula,SPRING MEADOWS 99 A,Missoula: SPRING MEADOWS 99 A,594,1287,1938,816,1112,1959,626,1283,1952,644,1229,1946
Missoula,SPRING MEADOWS 99 B,Missoula: SPRING MEADOWS 99 B,406,322,758,473,280,764,408,326,755,414,319,760
Missoula,SWAN 92,Missoula: SWAN 92,116,311,436,143,288,435,134,289,435,117,305,435
Missoula,TARGET RANGE 96 A,Missoula: TARGET RANGE 96 A,459,350,846,510,337,856,465,378,856,482,355,855
Missoula,TARGET RANGE 96 B,Missoula: TARGET RANGE 96 B,767,705,1530,883,632,1536,772,717,1531,792,683,1525
Missoula,UC 93,Missoula: UC 93,807,148,997,867,123,1006,826,143,991,846,130,998
Missoula,UC 95 A,Missoula: UC 95 A,903,143,1090,973,102,1096,931,141,1092,941,130,1093
Missoula,UC 95 B,Missoula: UC 95 B,1080,254,1397,1184,201,1409,1125,252,1405,1126,238,1396
Missoula,UC 95 C,Missoula: UC 95 C,995,161,1190,1052,138,1202,1015,161,1195,1026,153,1203
Missoula,UC 95 D,Missoula: UC 95 D,833,140,1002,870,132,1013,848,155,1012,856,135,1010
Missoula,UC 95 E,Missoula: UC 95 E,443,153,620,513,101,622,424,135,584,437,131,589
Musselshell,PRECINCT 1,Musselshell: PRECINCT 1,97,372,479,141,332,485,85,383,478,99,377,476
Musselshell,PRECINCT 3,Musselshell: PRECINCT 3,65,367,445,91,337,438,59,378,444,65,367,432
Musselshell,PRECINCT 5,Musselshell: PRECINCT 5,69,714,802,101,683,801,68,700,796,64,727,791
Musselshell,PRECINCT 6,Musselshell: PRECINCT 6,139,897,1057,165,869,1054,131,892,1052,136,900,1036
Musselshell,PRECINCT 7,Musselshell: PRECINCT 7,15,119,137,25,111,137,16,120,137,13,121,134
Musselshell,PRECINCT 8,Musselshell: PRECINCT 8,11,81,92,13,76,90,10,82,92,11,82,93
Park,57A,Park: 57A,246,763,1039,311,726,1048,248,770,1041,246,780,1026
Park,57B,Park: 57B,300,485,805,344,447,803,325,450,796,296,483,779
Park,57C,Park: 57C,292,472,780,337,446,794,309,465,788,289,489,778
Park,57D,Park: 57D,426,745,1206,484,708,1216,447,731,1202,427,765,1192
Park,57E,Park: 57E,451,420,896,504,387,908,459,408,899,449,429,878
Park,58F,Park: 58F,299,478,803,349,458,815,318,477,809,273,502,775
Park,58G,Park: 58G,213,481,717,256,442,720,233,462,719,230,479,709
Park,58L1,Park: 58L1,635,743,1419,742,666,1428,656,707,1412,641,744,1385
Park,58L2,Park: 58L2,455,404,902,524,360,904,473,389,898,471,409,880
Park,58L3,Park: 58L3,681,434,1153,785,371,1170,716,412,1167,711,431,1142
Park,58L4,Park: 58L4,541,297,874,607,256,880,558,279,864,539,308,847
Park,58L5,Park: 58L5,685,406,1123,766,347,1130,700,397,1130,683,411,1094
Petroleum,PRECNCT 1,Petroleum: PRECNCT 1,37,284,324,50,274,328,35,287,330,36,289,325
Phillips,PCT 11 NE,Phillips: PCT 11 NE,152,681,851,191,650,854,142,697,855,137,703,840
Phillips,PCT 11 NW,Phillips: PCT 11 NW,127,538,683,172,506,689,134,540,685,131,542,673
Phillips,PCT 11 S1,Phillips: PCT 11 S1,61,421,493,77,411,495,50,429,488,55,434,489
Phillips,PCT 11 S2,Phillips: PCT 11 S2,45,113,162,50,111,162,42,120,164,41,118,159
Pondera,19_BRADY,Pondera: 19_BRADY,69,161,235,91,144,236,67,163,237,62,167,229
Pondera,20_HEART BUTTE,Pondera: 20_HEART BUTTE,164,36,206,198,12,210,170,32,208,181,19,208
Pondera,23_DUPUYER,Pondera: 23_DUPUYER,20,138,160,30,121,156,18,131,152,19,128,155
Pondera,24_CONRAD,Pondera: 24_CONRAD,193,514,741,260,471,738,177,536,735,177,538,715
Pondera,27_CONRAD,Pondera: 27_CONRAD,141,351,516,189,312,517,128,378,512,140,361,501
Pondera,29_CONRAD RURAL,Pondera: 29_CONRAD RURAL,87,357,457,109,350,465,82,376,462,87,370,457
Pondera,34_VALIER,Pondera: 34_VALIER,54,226,286,64,217,289,49,238,290,55,226,289
Pondera,35_VALIER RURAL,Pondera: 35_VALIER RURAL,54,189,251,76,177,255,52,200,254,59,187,251
Powder River,PRECINCT03,Powder River: PRECINCT03,12,94,106,15,93,108,9,98,107,11,95,106
Powder River,PRECINCT05,Powder River: PRECINCT05,19,113,136,30,104,137,17,119,137,23,112,135
Powder River,PRECINCT08,Powder River: PRECINCT08,22,89,114,30,82,114,17,91,108,18,92,110
Powder River,PRECINCT10,Powder River: PRECINCT10,38,230,269,57,204,268,38,224,266,35,226,261
Powder River,PRECINCT11,Powder River: PRECINCT11,17,211,231,36,191,232,22,207,233,17,216,233
Powder River,PRECINCT12,Powder River: PRECINCT12,23,226,250,37,212,251,20,221,245,23,218,241
Powell,PRECINCT #1.80,Powell: PRECINCT #1.80,17,146,167,19,148,169,17,145,164,18,148,169
Powell,PRECINCT #10.80,Powell: PRECINCT #10.80,11,116,127,22,97,125,16,108,124,15,103,122
Powell,PRECINCT #11.80,Powell: PRECINCT #11.80,12,99,113,18,91,112,13,98,113,12,94,111
Powell,PRECINCT #12.80,Powell: PRECINCT #12.80,38,145,192,60,125,189,40,143,188,43,143,191
Powell,PRECINCT #14.80,Powell: PRECINCT #14.80,50,153,208,74,132,211,56,150,211,54,153,210
Powell,PRECINCT #16.78,Powell: PRECINCT #16.78,36,120,165,58,107,165,42,121,167,38,117,166
Powell,PRECINCT #2.80,Powell: PRECINCT #2.80,30,104,139,43,96,140,25,109,138,27,109,137
Powell,PRECINCT #3.78,Powell: PRECINCT #3.78,60,301,372,104,266,378,59,301,376,66,292,372
Powell,PRECINCT #4.78,Powell: PRECINCT #4.78,82,291,382,122,253,384,84,276,383,89,267,381
Powell,PRECINCT #5.78,Powell: PRECINCT #5.78,115,244,376,161,210,381,110,254,379,113,238,377
Powell,PRECINCT #6.78,Powell: PRECINCT #6.78,104,264,384,151,223,388,105,256,381,111,253,387
Powell,PRECINCT #7.78,Powell: PRECINCT #7.78,109,295,415,167,237,416,113,273,407,120,264,412
Powell,PRECINCT #8.80,Powell: PRECINCT #8.80,46,188,242,66,175,243,55,179,241,51,190,242
Prairie,PRECINCT NO. 1,Prairie: PRECINCT NO. 1,47,129,183,62,117,187,47,129,185,42,137,179
Prairie,PRECINCT NO. 2,Prairie: PRECINCT NO. 2,28,118,151,49,98,152,26,122,154,27,121,148
Prairie,PRECINCT NO. 3,Prairie: PRECINCT NO. 3,29,112,145,38,99,146,32,108,146,27,113,140
Prairie,PRECINCT NO. 4,Prairie: PRECINCT NO. 4,18,187,209,31,175,208,20,181,203,17,189,206
Ravalli,PRECINCT 01,Ravalli: PRECINCT 01,144,637,795,171,610,793,140,627,780,158,602,786
Ravalli,PRECINCT 02,Ravalli: PRECINCT 02,267,947,1236,333,893,1244,252,954,1233,275,923,1234
Ravalli,PRECINCT 03,Ravalli: PRECINCT 03,156,648,825,223,591,830,154,641,814,164,635,825
Ravalli,PRECINCT 04,Ravalli: PRECINCT 04,203,556,771,217,540,771,187,566,762,192,552,767
Ravalli,PRECINCT 05,Ravalli: PRECINCT 05,472,911,1423,545,873,1433,471,931,1424,491,899,1421
Ravalli,PRECINCT 06,Ravalli: PRECINCT 06,413,924,1371,502,832,1370,413,929,1369,437,876,1366
Ravalli,PRECINCT 07,Ravalli: PRECINCT 07,540,972,1557,668,884,1574,530,995,1561,580,950,1566
Ravalli,PRECINCT 08,Ravalli: PRECINCT 08,344,565,930,413,504,940,340,576,933,371,534,939
Ravalli,PRECINCT 09,Ravalli: PRECINCT 09,391,486,914,467,431,920,398,477,899,422,460,908
Ravalli,PRECINCT 10,Ravalli: PRECINCT 10,357,420,806,414,376,806,352,432,798,365,418,801
Ravalli,PRECINCT 11,Ravalli: PRECINCT 11,309,822,1160,360,797,1167,293,834,1155,331,804,1158
Ravalli,PRECINCT 12,Ravalli: PRECINCT 12,292,869,1194,384,794,1201,303,861,1192,323,835,1199
Ravalli,PRECINCT 13,Ravalli: PRECINCT 13,352,1034,1424,443,969,1435,342,1053,1416,376,1006,1425
Ravalli,PRECINCT 14,Ravalli: PRECINCT 14,380,1070,1488,486,1002,1500,369,1097,1493,405,1054,1499
Ravalli,PRECINCT 15,Ravalli: PRECINCT 15,16,363,393,23,361,396,14,355,391,18,358,393
Ravalli,PRECINCT 16,Ravalli: PRECINCT 16,343,931,1306,410,887,1314,318,952,1309,360,902,1307
Ravalli,PRECINCT 17,Ravalli: PRECINCT 17,267,815,1126,368,736,1124,264,823,1116,318,767,1120
Ravalli,PRECINCT 18,Ravalli: PRECINCT 18,379,836,1253,444,798,1256,362,867,1252,395,834,1255
Ravalli,PRECINCT 19,Ravalli: PRECINCT 19,376,1104,1521,471,1035,1529,386,1091,1516,412,1051,1516
Ravalli,PRECINCT 20,Ravalli: PRECINCT 20,373,1098,1501,469,1022,1509,364,1100,1498,402,1065,1500
Ravalli,PRECINCT 21,Ravalli: PRECINCT 21,428,676,1139,532,591,1148,435,654,1136,461,639,1141
Ravalli,PRECINCT 22,Ravalli: PRECINCT 22,205,660,877,263,598,878,215,634,878,221,624,878
Ravalli,PRECINCT 23,Ravalli: PRECINCT 23,455,1095,1602,574,1021,1615,446,1109,1595,500,1067,1612
Ravalli,PRECINCT 24,Ravalli: PRECINCT 24,494,1147,1687,611,1052,1689,496,1154,1679,510,1127,1685
Ravalli,PRECINCT 25,Ravalli: PRECINCT 25,529,1031,1605,658,919,1605,543,1028,1601,575,990,1606
Richland,PRECINCT 01,Richland: PRECINCT 01,55,202,265,76,184,268,52,202,263,51,206,257
Richland,PRECINCT 02,Richland: PRECINCT 02,62,310,387,96,277,384,65,300,375,55,318,373
Richland,PRECINCT 03,Richland: PRECINCT 03,103,421,537,154,355,529,105,390,520,110,406,516
Richland,PRECINCT 04,Richland: PRECINCT 04,50,284,336,80,243,332,43,276,326,51,271,322
Richland,PRECINCT 05,Richland: PRECINCT 05,49,313,370,78,287,372,42,313,367,48,319,367
Richland,PRECINCT 07A,Richland: PRECINCT 07A,33,86,123,41,79,122,28,85,120,27,87,114
Richland,PRECINCT 07B,Richland: PRECINCT 07B,19,94,122,37,82,124,26,90,120,25,97,122
Richland,PRECINCT 08,Richland: PRECINCT 08,105,523,646,164,472,656,88,531,643,98,532,630
Richland,PRECINCT 09,Richland: PRECINCT 09,46,383,443,81,346,437,47,382,439,45,384,429
Richland,PRECINCT 12,Richland: PRECINCT 12,86,545,644,142,469,641,81,536,637,88,535,623
Richland,PRECINCT 17,Richland: PRECINCT 17,18,141,163,34,123,160,18,139,160,16,143,159
Richland,PRECINCT 19,Richland: PRECINCT 19,10,100,119,26,94,120,14,105,119,14,101,115
Richland,PRECINCT 22,Richland: PRECINCT 22,50,352,409,75,328,413,52,349,406,54,346,400
Richland,PRECINCT 23,Richland: PRECINCT 23,92,633,745,154,575,742,87,626,732,100,627,727
Roosevelt,02 BAINVILLE,Roosevelt: 02 BAINVILLE,42,230,282,72,200,281,40,230,279,43,238,281
Roosevelt,10 FROID,Roosevelt: 10 FROID,42,132,177,60,117,178,36,140,178,47,129,176
Roosevelt,12 CULBERTSON,Roosevelt: 12 CULBERTSON,93,380,488,152,330,489,97,380,484,104,369,473
Roosevelt,15 BROCKTON,Roosevelt: 15 BROCKTON,140,43,193,179,17,199,136,51,195,154,34,188
Roosevelt,16 EAST POPLAR RURAL,Roosevelt: 16 EAST POPLAR RURAL,194,98,317,250,68,322,201,110,319,234,83,317
Roosevelt,17 NORTH POPLAR MINERAL BENCH,Roosevelt: 17 NORTH POPLAR MINERAL BENCH,29,76,114,49,64,114,26,82,112,29,81,110
Roosevelt,18 POPLAR,Roosevelt: 18 POPLAR,428,251,726,574,154,739,431,258,717,494,223,717
Roosevelt,22 EAST & NE WOLF POINT RURAL,Roosevelt: 22 EAST & NE WOLF POINT RURAL,103,106,215,118,97,217,100,111,216,102,110,212
Roosevelt,24 WOLF POINT SOUTHSIDE,Roosevelt: 24 WOLF POINT SOUTHSIDE,177,154,345,250,95,352,169,153,339,203,134,337
Roosevelt,26 WOLF POINT NORTHSIDE,Roosevelt: 26 WOLF POINT NORTHSIDE,210,330,560,267,278,565,219,333,559,221,325,546
Roosevelt,27 WEST WOLF POINT RURAL,Roosevelt: 27 WEST WOLF POINT RURAL,210,137,367,263,103,371,193,156,357,221,137,358
Roosevelt,28 NORTH WOLF POINT RURAL (VICTORY),Roosevelt: 28 NORTH WOLF POINT RURAL (VICTORY),12,118,130,15,113,131,8,118,130,12,117,129
Rosebud,PRECINCT 10,Rosebud: PRECINCT 10,13,141,159,29,130,161,16,140,160,15,144,159
Rosebud,PRECINCT 11,Rosebud: PRECINCT 11,7,97,105,10,93,105,7,95,103,7,97,104
Rosebud,PRECINCT 15,Rosebud: PRECINCT 15,363,111,499,459,39,509,377,101,498,406,90,496
Rosebud,PRECINCT 17,Rosebud: PRECINCT 17,159,117,294,197,90,300,163,121,297,167,126,293
Rosebud,PRECINCT 20,Rosebud: PRECINCT 20,38,180,225,56,168,226,37,185,225,37,184,221
Rosebud,PRECINCT 21,Rosebud: PRECINCT 21,20,136,156,28,124,156,21,131,157,20,132,152
Rosebud,PRECINCT 26,Rosebud: PRECINCT 26,2,79,82,5,76,81,1,82,83,3,79,82
Rosebud,PRECINCT 3,Rosebud: PRECINCT 3,145,356,520,187,326,524,137,371,518,144,363,507
Rosebud,PRECINCT 30,Rosebud: PRECINCT 30,79,281,372,112,253,372,89,271,367,85,280,365
Rosebud,PRECINCT 32,Rosebud: PRECINCT 32,162,607,792,211,568,801,169,605,797,178,611,789
Rosebud,PRECINCT 6,Rosebud: PRECINCT 6,98,323,438,127,305,439,104,324,437,91,337,428
Rosebud,PRECINCT 7,Rosebud: PRECINCT 7,9,38,51,14,36,50,8,43,51,10,41,51
Sanders,1-NOXON,Sanders: 1-NOXON,188,812,1023,225,771,1024,186,806,1018,204,786,1022
Sanders,2-TROUT CREEK,Sanders: 2-TROUT CREEK,237,1001,1254,302,932,1255,227,983,1238,230,962,1245
Sanders,3-T FALLS W,Sanders: 3-T FALLS W,247,908,1191,331,834,1193,246,911,1190,264,872,1179
Sanders,4-T FALLS E,Sanders: 4-T FALLS E,225,829,1081,299,764,1096,229,821,1087,257,787,1086
Sanders,5-PLAINS W,Sanders: 5-PLAINS W,197,884,1112,267,825,1120,203,879,1116,221,855,1118
Sanders,6-PLAINS S,Sanders: 6-PLAINS S,105,461,578,143,426,582,110,451,578,115,446,580
Sanders,7-PLAINS E,Sanders: 7-PLAINS E,147,590,762,204,541,766,145,583,756,165,569,763
Sanders,8-HOT SPRINGS,Sanders: 8-HOT SPRINGS,227,449,706,308,380,706,228,445,699,253,412,705
Sanders,9-DIXON,Sanders: 9-DIXON,132,216,362,162,190,364,140,209,362,145,197,361
Sheridan,1 WESTBY,Sheridan: 1 WESTBY,33,127,165,46,105,161,33,127,164,29,127,156
Sheridan,2 MEDICINE LAKE,Sheridan: 2 MEDICINE LAKE,113,274,402,154,237,396,108,279,395,108,276,384
Sheridan,3 PLENTYWOOD WEST,Sheridan: 3 PLENTYWOOD WEST,115,272,397,145,230,387,95,273,385,100,272,372
Sheridan,4 PLENTYWOOD EAST,Sheridan: 4 PLENTYWOOD EAST,128,348,505,182,309,510,117,375,502,127,356,483
Sheridan,5 PLENTYWOOD RURAL WEST,Sheridan: 5 PLENTYWOOD RURAL WEST,42,155,203,61,138,202,42,151,202,41,154,195
Sheridan,6 PLENTYWOOD RURAL EAST,Sheridan: 6 PLENTYWOOD RURAL EAST,78,145,240,97,140,241,71,160,240,76,155,231
Silver Bow,PREC_1.1,Silver Bow: PREC_1.1,1062,739,1864,1275,601,1888,1061,779,1864,1085,740,1870
Silver Bow,PREC_10.1,Silver Bow: PREC_10.1,387,267,688,484,197,701,419,233,689,434,235,700
Silver Bow,PREC_10.2,Silver Bow: PREC_10.2,118,95,225,141,72,226,121,90,221,124,85,224
Silver Bow,PREC_11.2,Silver Bow: PREC_11.2,678,443,1171,818,337,1177,719,415,1167,729,380,1161
Silver Bow,PREC_11.4,Silver Bow: PREC_11.4,54,23,81,60,19,81,54,27,81,54,24,80
Silver Bow,PREC_12.1,Silver Bow: PREC_12.1,30,51,81,34,46,81,26,53,79,29,52,82
Silver Bow,PREC_12.10N,Silver Bow: PREC_12.10N,76,75,158,107,51,160,89,67,159,90,65,159
Silver Bow,PREC_12.10S,Silver Bow: PREC_12.10S,103,69,178,135,44,182,109,66,180,115,58,182
Silver Bow,PREC_12.2,Silver Bow: PREC_12.2,41,89,134,49,86,138,39,95,137,42,95,138
Silver Bow,PREC_12.3,Silver Bow: PREC_12.3,236,413,673,324,347,683,245,407,671,264,388,672
Silver Bow,PREC_12.4,Silver Bow: PREC_12.4,45,134,184,62,122,185,53,124,181,48,126,185
Silver Bow,PREC_12.5,Silver Bow: PREC_12.5,202,190,409,262,146,416,211,182,414,225,169,409
Silver Bow,PREC_12.6,Silver Bow: PREC_12.6,48,34,83,58,23,83,50,31,84,53,28,84
Silver Bow,PREC_2.1,Silver Bow: PREC_2.1,844,633,1548,1082,471,1572,895,629,1558,920,581,1553
Silver Bow,PREC_2.2,Silver Bow: PREC_2.2,93,66,162,111,48,161,93,63,160,93,61,161
Silver Bow,PREC_3.1,Silver Bow: PREC_3.1,334,300,659,441,214,666,378,259,657,370,259,660
Silver Bow,PREC_3.2,Silver Bow: PREC_3.2,491,402,928,628,293,935,533,382,936,542,351,932
Silver Bow,PREC_4.1,Silver Bow: PREC_4.1,459,398,904,576,300,902,471,381,892,486,368,895
Silver Bow,PREC_4.2,Silver Bow: PREC_4.2,231,194,446,301,135,448,251,174,443,240,172,444
Silver Bow,PREC_5.1,Silver Bow: PREC_5.1,17,47,68,23,43,68,20,47,69,20,44,68
Silver Bow,PREC_5.2,Silver Bow: PREC_5.2,108,176,291,154,140,299,120,166,296,121,167,298
Silver Bow,PREC_5.3,Silver Bow: PREC_5.3,161,136,314,210,102,316,176,128,312,181,119,315
Silver Bow,PREC_5.4,Silver Bow: PREC_5.4,697,772,1514,894,630,1536,728,765,1517,726,739,1515
Silver Bow,PREC_6.1,Silver Bow: PREC_6.1,589,648,1310,814,482,1330,631,613,1309,653,579,1314
Silver Bow,PREC_6.2,Silver Bow: PREC_6.2,49,31,84,58,24,84,52,27,84,52,28,84
Silver Bow,PREC_7.1,Silver Bow: PREC_7.1,623,656,1338,821,488,1339,681,593,1325,689,557,1331
Silver Bow,PREC_8.1,Silver Bow: PREC_8.1,639,466,1150,788,334,1157,656,427,1149,663,405,1157
Silver Bow,PREC_8.2,Silver Bow: PREC_8.2,13,14,28,20,6,27,16,9,28,15,11,28
Silver Bow,PREC_9.1,Silver Bow: PREC_9.1,844,448,1332,982,354,1352,850,466,1341,872,420,1335
Silver Bow,PREC_9.2,Silver Bow: PREC_9.2,67,67,138,87,52,142,72,62,141,72,61,139
Silver Bow,PREC_9.3,Silver Bow: PREC_9.3,47,34,83,55,25,83,47,30,81,50,28,83
Stillwater,ABSAROKEE PRECINCT 13,Stillwater: ABSAROKEE PRECINCT 13,225,758,1012,285,715,1015,223,771,1016,220,784,1004
Stillwater,COLUMBUS CITY PCT 3,Stillwater: COLUMBUS CITY PCT 3,181,748,953,252,692,960,192,737,956,182,753,935
Stillwater,COLUMBUS RURAL PRECINCT 1,Stillwater: COLUMBUS RURAL PRECINCT 1,224,1370,1628,279,1328,1633,229,1374,1627,210,1400,1610
Stillwater,FISHTAIL PRECINCT 11,Stillwater: FISHTAIL PRECINCT 11,55,150,209,61,145,211,46,156,210,49,158,207
Stillwater,MOLT PRECINCT 7,Stillwater: MOLT PRECINCT 7,5,67,72,5,66,72,4,66,72,4,68,72
Stillwater,NYE PRECINCT 10,Stillwater: NYE PRECINCT 10,58,92,159,63,90,160,54,101,158,55,99,154
Stillwater,PARK CITY PRECINCT 2,Stillwater: PARK CITY PRECINCT 2,251,1161,1459,343,1093,1468,271,1155,1463,264,1186,1450
Stillwater,RAPELJE PRECINCT 9,Stillwater: RAPELJE PRECINCT 9,18,156,175,24,149,174,24,150,177,22,156,178
Stillwater,REED POINT PRECINCT 4,Stillwater: REED POINT PRECINCT 4,39,197,239,40,195,239,33,199,238,36,200,236
Sweet Grass,PCT 01,Sweet Grass: PCT 01,127,372,517,161,345,520,113,381,516,125,383,508
Sweet Grass,PCT 02,Sweet Grass: PCT 02,123,296,431,147,267,434,129,298,436,128,302,430
Sweet Grass,PCT 03,Sweet Grass: PCT 03,31,172,207,34,172,207,24,177,206,24,181,205
Sweet Grass,PCT 04,Sweet Grass: PCT 04,136,486,646,180,462,650,147,471,637,144,494,638
Sweet Grass,PCT 05,Sweet Grass: PCT 05,108,463,580,143,439,591,97,478,587,100,473,573
Teton,PRECINCT #1,Teton: PRECINCT #1,458,1025,1533,582,942,1547,444,1049,1525,446,1057,1503
Teton,PRECINCT #11,Teton: PRECINCT #11,35,137,178,48,126,182,31,142,180,33,143,176
Teton,PRECINCT #17,Teton: PRECINCT #17,104,227,342,141,196,345,102,234,342,106,231,337
Teton,PRECINCT #6,Teton: PRECINCT #6,117,377,508,154,354,518,111,396,516,121,380,501
Teton,PRECINCT #7,Teton: PRECINCT #7,213,767,1007,291,705,1014,203,791,1015,217,781,998
Toole,DEVON-GALATA,Toole: DEVON-GALATA,17,100,122,27,96,123,17,104,121,23,97,120
Toole,KEVIN,Toole: KEVIN,15,107,127,24,98,125,15,107,126,16,110,126
Toole,SHELBY CITY,Toole: SHELBY CITY,263,912,1213,364,813,1213,218,953,1211,257,930,1187
Toole,SHELBY RURAL,Toole: SHELBY RURAL,34,142,176,40,133,177,32,144,177,34,144,178
Toole,SUNBURST,Toole: SUNBURST,86,310,408,103,296,406,73,324,403,76,320,396
Treasure,Precinct 1,Treasure: Precinct 1,57,367,442,101,336,447,47,384,447,59,381,440
Valley,PCT 31,Valley: PCT 31,221,435,680,297,380,690,239,427,683,241,431,672
Valley,PCT 32,Valley: PCT 32,38,150,191,54,135,192,41,153,196,36,155,191
Valley,PCT 33,Valley: PCT 33,109,581,711,158,535,717,103,585,708,116,581,697
Valley,PCT 34,Valley: PCT 34,567,1853,2497,798,1622,2494,578,1844,2490,558,1863,2421
Wheatland,PRECINCT 1,Wheatland: PRECINCT 1,14,118,134,17,111,130,13,114,129,10,115,125
Wheatland,PRECINCT 2,Wheatland: PRECINCT 2,103,329,451,138,308,453,103,337,453,97,350,447
Wheatland,PRECINCT 3,Wheatland: PRECINCT 3,18,103,123,23,102,125,16,105,121,16,104,120
Wheatland,PRECINCT 4,Wheatland: PRECINCT 4,30,98,130,42,85,128,30,95,129,32,97,129
Wheatland,PRECINCT 9,Wheatland: PRECINCT 9,44,195,248,58,186,250,41,203,246,41,207,248
Wibaux,PRECINCT #1,Wibaux: PRECINCT #1,71,463,546,121,414,550,77,454,543,70,459,529
Yellowstone,1,Yellowstone: 1,19,158,180,23,157,184,20,161,183,23,162,185
Yellowstone,10,Yellowstone: 10,275,1056,1372,324,1028,1374,273,1073,1370,273,1085,1358
Yellowstone,11,Yellowstone: 11,304,669,1007,367,614,1010,284,676,1002,296,689,985
Yellowstone,12,Yellowstone: 12,269,848,1160,360,764,1155,280,842,1155,276,861,1137
Yellowstone,13,Yellowstone: 13,404,1131,1582,535,1005,1582,430,1087,1565,418,1138,1556
Yellowstone,14,Yellowstone: 14,286,395,713,342,346,713,280,398,713,300,403,703
Yellowstone,15,Yellowstone: 15,324,753,1096,373,721,1103,301,774,1094,300,780,1080
Yellowstone,16,Yellowstone: 16,671,1175,1921,807,1082,1933,659,1202,1916,650,1226,1876
Yellowstone,17,Yellowstone: 17,630,963,1668,764,859,1668,596,1012,1660,612,1010,1622
Yellowstone,18,Yellowstone: 18,437,733,1221,510,695,1230,449,741,1220,430,762,1192
Yellowstone,19,Yellowstone: 19,95,440,547,118,418,549,102,430,543,98,440,538
Yellowstone,2,Yellowstone: 2,261,1257,1555,356,1187,1565,261,1265,1558,277,1266,1543
Yellowstone,20,Yellowstone: 20,232,644,899,282,614,911,237,653,906,228,672,900
Yellowstone,21,Yellowstone: 21,592,1144,1793,726,1038,1800,573,1158,1793,582,1180,1762
Yellowstone,22,Yellowstone: 22,598,1248,1894,725,1163,1916,606,1260,1903,590,1279,1869
Yellowstone,23,Yellowstone: 23,241,367,623,277,349,632,241,369,626,236,381,617
Yellowstone,24,Yellowstone: 24,766,621,1435,842,562,1449,739,629,1427,745,654,1399
Yellowstone,25,Yellowstone: 25,926,776,1746,996,747,1765,901,827,1752,855,843,1698
Yellowstone,26,Yellowstone: 26,849,945,1861,945,942,1908,833,1028,1886,814,1034,1848
Yellowstone,27,Yellowstone: 27,876,658,1588,986,568,1590,870,654,1576,872,674,1546
Yellowstone,28,Yellowstone: 28,769,913,1748,875,837,1759,765,925,1747,769,950,1719
Yellowstone,29,Yellowstone: 29,684,848,1580,813,724,1585,688,833,1573,691,853,1544
Yellowstone,3,Yellowstone: 3,308,1414,1753,415,1312,1766,331,1388,1754,327,1405,1732
Yellowstone,30,Yellowstone: 30,532,511,1096,640,428,1117,538,516,1102,558,524,1082
Yellowstone,31,Yellowstone: 31,692,525,1261,781,456,1275,699,521,1267,682,548,1230
Yellowstone,32,Yellowstone: 32,598,563,1208,705,475,1211,591,564,1202,589,573,1162
Yellowstone,33,Yellowstone: 33,612,869,1555,762,739,1553,609,856,1539,647,870,1517
Yellowstone,34,Yellowstone: 34,487,715,1244,591,620,1247,502,700,1244,495,719,1214
Yellowstone,35,Yellowstone: 35,811,993,1860,908,913,1865,793,996,1843,799,1021,1820
Yellowstone,36,Yellowstone: 36,713,941,1713,836,854,1729,725,926,1710,707,972,1679
Yellowstone,37,Yellowstone: 37,678,1047,1787,771,985,1797,641,1098,1778,647,1102,1749
Yellowstone,38,Yellowstone: 38,603,930,1589,715,824,1590,608,926,1581,612,946,1558
Yellowstone,39,Yellowstone: 39,478,774,1287,544,764,1313,450,829,1296,446,824,1270
Yellowstone,4,Yellowstone: 4,90,467,568,114,455,575,90,474,575,86,480,566
Yellowstone,40,Yellowstone: 40,688,1112,1855,823,1000,1866,671,1122,1846,664,1146,1810
Yellowstone,41,Yellowstone: 41,622,983,1661,731,903,1671,593,1003,1651,601,1021,1622
Yellowstone,42,Yellowstone: 42,398,1165,1604,479,1128,1622,386,1195,1609,377,1213,1590
Yellowstone,43,Yellowstone: 43,785,1104,1948,880,1072,1970,739,1190,1955,741,1183,1924
Yellowstone,44,Yellowstone: 44,787,1078,1915,879,1038,1937,717,1167,1919,726,1146,1872
Yellowstone,45,Yellowstone: 45,726,1004,1799,867,904,1814,727,1030,1800,721,1042,1763
Yellowstone,46,Yellowstone: 46,356,658,1049,409,651,1065,342,696,1054,347,692,1039
Yellowstone,47,Yellowstone: 47,621,703,1370,706,647,1374,607,720,1361,609,736,1345
Yellowstone,48,Yellowstone: 48,454,775,1266,508,749,1282,448,804,1276,434,814,1248
Yellowstone,49,Yellowstone: 49,529,994,1552,596,959,1571,486,1034,1555,472,1055,1527
Yellowstone,5,Yellowstone: 5,179,709,908,218,674,908,179,704,903,173,721,894
Yellowstone,50,Yellowstone: 50,506,1070,1619,567,1068,1648,448,1156,1628,445,1153,1598
Yellowstone,51,Yellowstone: 51,467,964,1469,519,937,1482,454,968,1464,449,994,1443
Yellowstone,52,Yellowstone: 52,421,1164,1624,501,1112,1638,417,1160,1614,420,1180,1600
Yellowstone,53,Yellowstone: 53,263,974,1273,341,911,1280,256,979,1273,255,1007,1262
Yellowstone,54,Yellowstone: 54,255,815,1108,335,771,1124,270,813,1115,266,836,1102
Yellowstone,55,Yellowstone: 55,249,902,1177,307,869,1190,256,909,1182,243,935,1178
Yellowstone,56,Yellowstone: 56,200,626,850,245,589,848,204,622,843,201,632,833
Yellowstone,57,Yellowstone: 57,238,818,1081,307,763,1083,248,808,1086,239,829,1068
Yellowstone,58,Yellowstone: 58,469,950,1472,599,813,1468,477,936,1461,464,980,1444
Yellowstone,59,Yellowstone: 59,504,1152,1710,638,1039,1712,502,1163,1713,515,1160,1675
Yellowstone,6,Yellowstone: 6,236,666,926,293,630,935,237,671,926,240,678,918
Yellowstone,7,Yellowstone: 7,341,776,1150,423,711,1163,360,749,1149,341,788,1129
Yellowstone,8,Yellowstone: 8,528,1035,1623,636,947,1633,515,1037,1616,533,1059,1592
Yellowstone,9,Yellowstone: 9,460,772,1272,558,682,1282,452,764,1263,453,788,1241
