<?xml version="1.0" encoding="UTF-8"?>
<metadata xml:lang="en"><Esri><CreaDate>20241127</CreaDate><CreaTime>06410000</CreaTime><ArcGISFormat>1.0</ArcGISFormat><SyncOnce>FALSE</SyncOnce><DataProperties><itemProps><itemName Sync="TRUE">RI_VITDS_2022</itemName><imsContentType Sync="TRUE" export="False">002</imsContentType><itemSize Sync="TRUE">0.000</itemSize></itemProps><coordRef><type Sync="TRUE">Projected</type><geogcsn Sync="TRUE">GCS_North_American_1983</geogcsn><csUnits Sync="TRUE">Linear Unit: Foot_US (0.304801)</csUnits><peXml Sync="TRUE">&lt;ProjectedCoordinateSystem xsi:type='typens:ProjectedCoordinateSystem' xmlns:xsi='http://www.w3.org/2001/XMLSchema-instance' xmlns:xs='http://www.w3.org/2001/XMLSchema' xmlns:typens='http://www.esri.com/schemas/ArcGIS/3.2.0'&gt;&lt;WKT&gt;PROJCS[&amp;quot;NAD_1983_StatePlane_Rhode_Island_FIPS_3800_Feet&amp;quot;,GEOGCS[&amp;quot;GCS_North_American_1983&amp;quot;,DATUM[&amp;quot;D_North_American_1983&amp;quot;,SPHEROID[&amp;quot;GRS_1980&amp;quot;,6378137.0,298.257222101]],PRIMEM[&amp;quot;Greenwich&amp;quot;,0.0],UNIT[&amp;quot;Degree&amp;quot;,0.0174532925199433]],PROJECTION[&amp;quot;Transverse_Mercator&amp;quot;],PARAMETER[&amp;quot;False_Easting&amp;quot;,328083.3333333333],PARAMETER[&amp;quot;False_Northing&amp;quot;,0.0],PARAMETER[&amp;quot;Central_Meridian&amp;quot;,-71.5],PARAMETER[&amp;quot;Scale_Factor&amp;quot;,0.99999375],PARAMETER[&amp;quot;Latitude_Of_Origin&amp;quot;,41.08333333333334],UNIT[&amp;quot;Foot_US&amp;quot;,0.3048006096012192],AUTHORITY[&amp;quot;EPSG&amp;quot;,3438]]&lt;/WKT&gt;&lt;XOrigin&gt;-18120300&lt;/XOrigin&gt;&lt;YOrigin&gt;-47742100&lt;/YOrigin&gt;&lt;XYScale&gt;3048.0060960121928&lt;/XYScale&gt;&lt;ZOrigin&gt;-100000&lt;/ZOrigin&gt;&lt;ZScale&gt;10000&lt;/ZScale&gt;&lt;MOrigin&gt;-100000&lt;/MOrigin&gt;&lt;MScale&gt;10000&lt;/MScale&gt;&lt;XYTolerance&gt;0.0032808333333333331&lt;/XYTolerance&gt;&lt;ZTolerance&gt;0.001&lt;/ZTolerance&gt;&lt;MTolerance&gt;0.001&lt;/MTolerance&gt;&lt;HighPrecision&gt;true&lt;/HighPrecision&gt;&lt;WKID&gt;102730&lt;/WKID&gt;&lt;LatestWKID&gt;3438&lt;/LatestWKID&gt;&lt;/ProjectedCoordinateSystem&gt;</peXml><projcsn Sync="TRUE">NAD_1983_StatePlane_Rhode_Island_FIPS_3800_Feet</projcsn></coordRef></DataProperties><SyncDate>20231116</SyncDate><SyncTime>13150200</SyncTime><ModDate>20231127</ModDate><ModTime>12110200</ModTime><scaleRange><minScale>5000000</minScale><maxScale>5000</maxScale></scaleRange><ArcGISProfile>FGDC</ArcGISProfile></Esri><dataIdInfo><envirDesc Sync="FALSE">Esri ArcGIS 13.2.0.49743</envirDesc><dataLang><languageCode value="eng" Sync="TRUE"/><countryCode value="USA" Sync="TRUE"/></dataLang><idCitation><resTitle Sync="FALSE">RI _VotingPrecints_2022</resTitle><presForm><PresFormCd value="005" Sync="TRUE"/></presForm><date><pubDate>2023-11-16T00:00:00</pubDate></date><citRespParty><rpIndName>Jessica Cigna</rpIndName><rpOrgName>Rhode Island Department of State</rpOrgName><role><RoleCd value="006"/></role><rpCntInfo><cntAddress addressType="both"><delPoint>33 Broad Street</delPoint><city>Providence</city><adminArea>RI</adminArea><postCode>02903</postCode></cntAddress><cntPhone><voiceNum tddtty="">401</voiceNum></cntPhone></rpCntInfo></citRespParty></idCitation><spatRpType><SpatRepTypCd value="001" Sync="TRUE"/></spatRpType><idPurp>This polygon layer represents voting precincts as determined by Rhode Island municipalities in the 2021-2022 redistricting cycle. </idPurp><idAbs>&lt;DIV STYLE="text-align:Left;"&gt;&lt;DIV&gt;&lt;DIV&gt;&lt;P&gt;&lt;SPAN&gt;This polygon layer represents voting precincts as determined by Rhode Island municipalities following the 2021-2022 redistricting cycle. Voting precincts are drawn at the local level by the respective city or town. They follow the guidelines set forth in RIGL 17-11-1. Voting precincts represent a unique area in which voters will collectively cast the same ballot for various state and local elections. Congressional Districts, State House and Senate Districts, and local Ward Districts are listed in this dataset. This dataset should be used for any voting precinct-based geographic analysis and thematic mapping for elections held in or after 2022 though 2032.  Usually precincts in the state don't change in the remainder of the decade, but significant growth or other redistrictings could cause changes.&lt;/SPAN&gt;&lt;/P&gt;&lt;/DIV&gt;&lt;/DIV&gt;&lt;/DIV&gt;</idAbs><idCredit>Election Data Services Inc, Each RI City and Town Board of Canvassers, Rhode Island Department of State Elections Division.</idCredit><searchKeys><keyword>BND</keyword><keyword>RIGIS</keyword><keyword>Elections</keyword><keyword>Redistricting</keyword><keyword>Voting</keyword></searchKeys><dataExt><geoEle><GeoBndBox esriExtentType="search"><exTypeCode>0</exTypeCode><westBL> -71.846693 </westBL><eastBL> -71.121670</eastBL><southBL>41.149110</southBL><northBL>42.019690</northBL></GeoBndBox></geoEle><exDesc>his dataset should be used for any voting precinct-based geographic analysis and thematic mapping for elections held in or after 2022 though 2032.  Usually precincts in the state don't change in the remainder of the decade, but significant growth or other redistrictings could cause changes.</exDesc><tempEle><TempExtent><exTemp><TM_Period><tmBegin>2022-08-01T00:00:00</tmBegin><tmEnd>2032-08-01T00:00:00</tmEnd></TM_Period></exTemp></TempExtent></tempEle></dataExt><placeKeys><keyword>Rhode Isaland</keyword></placeKeys><themeKeys><keyword>precincts</keyword><keyword>elections</keyword><keyword>redistricting</keyword><keyword>voting</keyword></themeKeys><dataChar><CharSetCd value="004"/></dataChar><idStatus><ProgCd value="001"/></idStatus><idPoC><rpIndName>Jessica Cigna</rpIndName><rpOrgName>Rhode Island Department of State</rpOrgName><role><RoleCd value="006"/></role><rpCntInfo><cntAddress addressType="both"><delPoint>33 Broad Street</delPoint><city>Providence</city><adminArea>RI</adminArea><postCode>02903</postCode></cntAddress><cntPhone><voiceNum tddtty="">401</voiceNum></cntPhone></rpCntInfo><displayName>Jessica Cigna</displayName></idPoC><resMaint><maintFreq><MaintFreqCd value="011"/></maintFreq></resMaint><resConst><Consts><useLimit>&lt;DIV STYLE="text-align:Left;"&gt;&lt;DIV&gt;&lt;DIV&gt;&lt;P&gt;&lt;SPAN&gt;This dataset should be used to map elections held in or after 2022. While the precinct numbers may be similar as in elections from 2021 or early, redistricting in 2022 shifted precinct boundaries. To map elections from 2011 through 2021 use the Voting Precinct 2016 file found on RIGIS.&lt;/SPAN&gt;&lt;/P&gt;&lt;/DIV&gt;&lt;/DIV&gt;&lt;/DIV&gt;</useLimit></Consts></resConst><tpCat><TopicCatCd value="003"/></tpCat><tpCat><TopicCatCd value="016"/></tpCat></dataIdInfo><mdLang><languageCode value="eng" Sync="TRUE"/><countryCode value="USA" Sync="TRUE"/></mdLang><mdChar><CharSetCd value="004" Sync="TRUE"/></mdChar><distInfo><distFormat><formatName Sync="TRUE">File Geodatabase Feature Class</formatName></distFormat><distTranOps><transSize Sync="TRUE">0.000</transSize></distTranOps></distInfo><mdHrLv><ScopeCd value="005" Sync="TRUE"/></mdHrLv><mdHrLvName Sync="TRUE">dataset</mdHrLvName><refSysInfo><RefSystem><refSysID><identCode code="3438" Sync="TRUE"/><idCodeSpace Sync="TRUE">EPSG</idCodeSpace><idVersion Sync="TRUE">6.12(9.3.0.0)</idVersion></refSysID></RefSystem></refSysInfo><spatRepInfo><VectSpatRep><geometObjs Name="RI_VITDS_2022"><geoObjTyp><GeoObjTypCd value="002" Sync="TRUE"/></geoObjTyp><geoObjCnt Sync="TRUE">0</geoObjCnt></geometObjs><topLvl><TopoLevCd value="001" Sync="TRUE"/></topLvl></VectSpatRep></spatRepInfo><spdoinfo><ptvctinf><esriterm Name="RI_VITDS_2022"><efeatyp Sync="TRUE">Simple</efeatyp><efeageom code="4" Sync="TRUE"/><esritopo Sync="TRUE">FALSE</esritopo><efeacnt Sync="TRUE">0</efeacnt><spindex Sync="TRUE">TRUE</spindex><linrefer Sync="TRUE">FALSE</linrefer></esriterm></ptvctinf></spdoinfo><eainfo><detailed Name="RI_VITDS_2022"><enttyp><enttypl Sync="TRUE">RI_VITDS_2022</enttypl><enttypt Sync="TRUE">Feature Class</enttypt><enttypc Sync="TRUE">0</enttypc></enttyp><attr><attrlabl Sync="TRUE">OBJECTID</attrlabl><attalias Sync="TRUE">OBJECTID</attalias><attrtype Sync="TRUE">OID</attrtype><attwidth Sync="TRUE">4</attwidth><atprecis Sync="TRUE">0</atprecis><attscale Sync="TRUE">0</attscale><attrdef Sync="TRUE">Internal feature number.</attrdef><attrdefs Sync="TRUE">Esri</attrdefs><attrdomv><udom Sync="TRUE">Sequential unique whole numbers that are automatically generated.</udom></attrdomv></attr><attr><attrlabl Sync="TRUE">Shape</attrlabl><attalias Sync="TRUE">Shape</attalias><attrtype Sync="TRUE">Geometry</attrtype><attwidth Sync="TRUE">0</attwidth><atprecis Sync="TRUE">0</atprecis><attscale Sync="TRUE">0</attscale><attrdef Sync="TRUE">Feature geometry.</attrdef><attrdefs Sync="TRUE">Esri</attrdefs><attrdomv><udom Sync="TRUE">Coordinates defining the features.</udom></attrdomv></attr><attr><attrlabl Sync="TRUE">DISTRICT</attrlabl><attalias Sync="TRUE">DISTRICT</attalias><attrtype Sync="TRUE">String</attrtype><attwidth Sync="TRUE">16</attwidth><atprecis Sync="TRUE">0</atprecis><attscale Sync="TRUE">0</attscale><attrdef>Precinct Number in character format. First 2 digits are municipal number and second 2 digits are precinct number within municipality. </attrdef></attr><attr><attrlabl Sync="TRUE">DISTRICTN</attrlabl><attalias Sync="TRUE">DISTRICTN</attalias><attrtype Sync="TRUE">Double</attrtype><attwidth Sync="TRUE">8</attwidth><atprecis Sync="TRUE">0</atprecis><attscale Sync="TRUE">0</attscale><attrdef>Precinct Number in numeric format. </attrdef></attr><attr><attrlabl Sync="TRUE">TOWN</attrlabl><attalias Sync="TRUE">TOWN</attalias><attrtype Sync="TRUE">String</attrtype><attwidth Sync="TRUE">20</attwidth><atprecis Sync="TRUE">0</atprecis><attscale Sync="TRUE">0</attscale></attr><attr><attrlabl Sync="TRUE">StHouse</attrlabl><attalias Sync="TRUE">StHouse</attalias><attrtype Sync="TRUE">Integer</attrtype><attwidth Sync="TRUE">4</attwidth><atprecis Sync="TRUE">0</atprecis><attscale Sync="TRUE">0</attscale><attrdef>RI State Representative/House District as of 2022 Redistricting Cycle that voters in each precinct will vote for. Several precincts may vote for the same RI House District. As of 2022 there are 75 RI House Districts. </attrdef></attr><attr><attrlabl Sync="TRUE">StSenate</attrlabl><attalias Sync="TRUE">StSenate</attalias><attrtype Sync="TRUE">Integer</attrtype><attwidth Sync="TRUE">4</attwidth><atprecis Sync="TRUE">0</atprecis><attscale Sync="TRUE">0</attscale><attrdef>RI State Senate District as of 2022 Redistricting Cycle that voters in each precinct will vote for. Several precincts may vote for the same RI Senate District. As of 2022 there are 38 RI Senate Districts. </attrdef></attr><attr><attrlabl Sync="TRUE">Ward</attrlabl><attalias Sync="TRUE">Ward</attalias><attrtype Sync="TRUE">Integer</attrtype><attwidth Sync="TRUE">4</attwidth><atprecis Sync="TRUE">0</atprecis><attscale Sync="TRUE">0</attscale><attrdef>Municipal Ward representing city or town councilors that voters in each precinct will vote for. Not all Municipalities have wards associated with them. </attrdef></attr><attr><attrlabl Sync="TRUE">Congress</attrlabl><attalias Sync="TRUE">Congress</attalias><attrtype Sync="TRUE">Integer</attrtype><attwidth Sync="TRUE">4</attwidth><atprecis Sync="TRUE">0</atprecis><attscale Sync="TRUE">0</attscale><attrdef> The Federal Congressional District for each precinct. As of 2022 Rhode Island had 2 Congressional Districts. </attrdef></attr><attr><attrlabl Sync="TRUE">Shape_Length</attrlabl><attalias Sync="TRUE">Shape_Length</attalias><attrtype Sync="TRUE">Double</attrtype><attwidth Sync="TRUE">8</attwidth><atprecis Sync="TRUE">0</atprecis><attscale Sync="TRUE">0</attscale><attrdef Sync="TRUE">Length of feature in internal units.</attrdef><attrdefs Sync="TRUE">Esri</attrdefs><attrdomv><udom Sync="TRUE">Positive real numbers that are automatically generated.</udom></attrdomv></attr><attr><attrlabl Sync="TRUE">Shape_Area</attrlabl><attalias Sync="TRUE">Shape_Area</attalias><attrtype Sync="TRUE">Double</attrtype><attwidth Sync="TRUE">8</attwidth><atprecis Sync="TRUE">0</atprecis><attscale Sync="TRUE">0</attscale><attrdef Sync="TRUE">Area of feature in internal units squared.</attrdef><attrdefs Sync="TRUE">Esri</attrdefs><attrdomv><udom Sync="TRUE">Positive real numbers that are automatically generated.</udom></attrdomv></attr></detailed></eainfo><mdDateSt Sync="TRUE">20231127</mdDateSt><mdContact><rpIndName>Jessica Cigna</rpIndName><rpOrgName>Rhode Island Department of State</rpOrgName><role><RoleCd value="006"/></role><rpCntInfo><cntAddress addressType="both"><delPoint>33 Broad Street</delPoint><city>Providence</city><adminArea>RI</adminArea><postCode>02903</postCode></cntAddress><cntPhone><voiceNum tddtty="">401</voiceNum></cntPhone></rpCntInfo><displayName>Jessica Cigna</displayName></mdContact><mdContact><editorSource>external</editorSource><editorDigest>076f021ac09d6f1c4b7a3c35f2ba91f9e5b80e7d</editorDigest><rpIndName>RIGIS Data Manager</rpIndName><rpOrgName>URI Environmental Data Center</rpOrgName><rpCntInfo><cntAddress addressType="both"><city>Kingston</city><adminArea>RI</adminArea><postCode>02881</postCode><eMailAdd>rigis@uri.edu</eMailAdd></cntAddress><cntPhone><voiceNum tddtty="">401</voiceNum></cntPhone></rpCntInfo><displayName>Aimee Mandeville</displayName><editorSave>True</editorSave><displayName>RIGIS Data Manager</displayName><role><RoleCd value="002"/></role></mdContact><dqInfo><dataLineage><statement>Election Data Services, Inc was the RI Department of State Election Division's GIS consultant and created the process and shapefile</statement><prcStep><stepDesc> The Rhode Island Department of State Elections Division hired Election Data Services, Inc, a GIS consulting firm, to create a statewide parcel layer. This dataset was created by gathering voting precinct maps and/or shapefiles from each individual RI Municipality after they were finalized during the 2021-2022 redistricting process.  The shapefiles for all municipalities were joined together to form a singular shapefile. Boundary lines were checked and made consistent to ensure that voting precincts did not overlap and were confined to capture voters only in those precincts as best as possible. </stepDesc><stepDateTm>2022-08-01T00:00:00</stepDateTm><stepProc><rpIndName>Election Data Services, Inc</rpIndName><rpOrgName>Election Data Services, Inc</rpOrgName><role><RoleCd value="009"/></role><rpCntInfo><cntAddress addressType="both"><delPoint>6171 Emerywood Court</delPoint><city>Manassas</city><adminArea>VA</adminArea><postCode>20112</postCode></cntAddress><cntPhone><voiceNum tddtty="">0</voiceNum></cntPhone></rpCntInfo></stepProc></prcStep></dataLineage></dqInfo></metadata>
